account,amount
15kWfH7Xtw2jDkbP2Z9sDJYZg7arHhkbCsUqFj67cd2bwF1q,1000000000000
13AueKQLtbwkNjAA2Q2tdSYvxBHLBkXyJdczh9h9i3wdkX4v,100000000000
16u7fWA1DeAjriSVP9P8KNGfMUW1bqPafrmQewRd5tmBrct,110000000000
1417CUiYMHXCYCtf1xJMomPNnEuMPTspZ6RvxdcbLVtjrthB,590000000000
1uVwHqCs3F2jqfFFL8AYxz9WJpXX3F9oHFhtX1mtsjqvfFK,700000000000
14YZHmmJt4UvEizkxBwwDawLJLMXMiNBpCJJwFBuHtXYvGsn,789000000000
16f2PAmWAxRc2pxDnvasioka4Xk5zqkUpqNENmXEH2y3Ahkr,1100000000000
13Gkwj3LtZDjZMZ14FzesnuGxwkcn2kxwqiwH8fRm4MA3hWB,61000000000
16PwWVv7PQ68tpSoAz9zVFZs8UuRzqcJwG8upWRuYxrf2xfN,145500000000
14r2CfWuwumWxA6T2WoVouBuUvqzF7vg8UNuBsRukPq6xBce,50000000000
15d9fU1H5mBruHG4TPv8fBpYtFu8JdXnb9MxDwQLoaWGu2xJ,50000000000
1cK1tzegYfjxNnGdXuyWv4zzSeTrhwRmW6mrqSVtxGZbbMr,150000000000
15m2NLkFAFuDQUrhgzjKK31agTw5Zyr8eKNNHH31Fm1BwC26,100000000000
15a6qKebkPUv9cjqugxFtDqxYPSHjzdLL5caj7tivhKeWqFn,200000000000
12bxasZSNv9tLsPDGTG1JgX6VZEUvVwUuCJsXjADtZhH8F89,170000000000
14BhFoxzSBfHPVdntUbTXAfEyFvAaAKbg93rxU1g7wHkS5Yh,200000000000
1sHjqSNw9VJGjy676ztpSGTZwM2acCA67sRecStUsPWWYat,240000000000
167gpjVFqQk7zGBVXNCuQ7LLWSWyRYV6SJbdLzsWFyE3TJyw,100000000000
12h3afaZxvuncNLALLyKC9w4jG1xwmKutYmN6Kg7zusYkQMy,1500000000000
12TiZhWb4X4A6DFp3nVcA89YukzwFBgvcjgqFHNgQRt4kEcA,200000000000
162bJnMqEXu4ze1TPqG6kpSubThoRVZSuHov45PpkQhLb9iN,300000000000
1NTNzNrtnAZXMa7RQPMWvTS5fMcd3YdkXBHvhY4c8X6g7s9,50000000000
12HeXpgz5jgmj1Zii2a1mV1yW1ZkBMXbrVs99UsWdQxrDz6h,100000000000
16G53FBtVL5mWF37t1AFEisGGK4KfmrM6T1TN2Q2GGhpr4px,750000000000
15Lq1yb5KngrqU987x3v75ZCtPLaP59oEnTAgwMgh7sTB522,1000000000000
15oLWWYAR3j7Br1hzrF9zqJsjDLzQedVpV6ZDixLEp9ueLxM,50000000000
13xWJ3bUgxekbE5KPtyfUtsGRQQYPP7AJnyu4N6Q1faPQSu9,4160000000000
14MsJUzCFnW6eYeTttYDLFxv4j9csH1T8GV9LhfxQX8nX2n8,4000000000
13HAHGNSDEHoTeBt78P1dmpCDVzMYS56LCqPicieTQwgE9pG,150000000000
1HKtYoMcQ5wvzzyxgkG4vYbkrm4V8kFPuFkPNcLrXMcVCCC,50000000000
12mR9yXb9r5JVkJNRVhvgVVJUdoSfacnDZCGSwBgzP64CUPV,750000000000
16Lwz7sAG3E6EiLDSbRvvMuo2TrzHseLEqivzeEdgSu4TFUL,150000000000
12vB85zy8avZ8phZeDGL78HaFacfg2X7adNVBW7bcpPcbguK,5550000000000
1sfmzboN8TmKSUHCLUMYksqCqkB9VvULZdGXmeSyMWTVho4,100000000000
14Je3Ha1TKJu2roUtnpJcJkogDfQLbAobHp69Tn1VPChPUoR,630000000000
1336ChKb77zNUTS7CKKY4erUPMCNhHsdpsos2KPf2vk5namE,1800000000000
15B7J5jTDGkaArgMvP7iZUYJjSWHLvsBJTVvMCtSt4mpzx78,95000000000
15fjQePfzjAHCmLYVGt9LtAiSZzSrXgHs77zSDDHpoaMe5bP,1900000000000
1qEuhVRtt1jHPM9y2WHmWrJqMNrCAz4Px3c6GX4q6DYEUer,300000000000
16f6sHmD4YYPSU9g8bggBGknvcRLnFLhtnhfbKzpn9i3YvSp,50000000000
13rZWbADsdggYtg4z1KZBZSLo9zMtAVK5cTbcWhnc9ArtjBa,1000000000000
11zNMzAXzUnX7jkxdNbUqAdKjFMtLNa2csy5qMq8riTdNTr,50000000000
14VCrCV1tAbi9MF8W4ESMrg9WeNfP9ziRU5Vb8LTyPD6PWAT,200000000000
148r97PSv15t38WzTbJT6f8stwedZoYR2psQzYRNbrrjjqPb,100000000000
12Z8vWgQZSDhVXdvoUxpbdfcr9KDH2W3sypL42m9neJoDpYu,200000000000
14W7qwMWGBDHbjx2VkgoitcH3iBcrsbgpBno9egyYjbZnHw9,100000000000
1ZeCUbRg3Vnof7bHN2QWSveenZq61bBd7FsXAamHPjMshux,450000000000
14auSGr1FfLabuXNvmaJutiaeUaUSpu2j1uMu25xrZzhExy7,100000000000
1puJZyXW9wTn5t6rua8ZuNzhnGn9uwRrRCAFukDSKSCEmpT,300000000000
14bHtS2aQCQwwQouKrd3rrWhdXPi7hgAF7kfSXbqSwNWVe9M,152000000000
15iMUwpAKwcr6UJJabrFZoAwZgc2bdGjSPWG4Pc2DWWmNnm9,500000000000
1HJk2PhBbhAMMopx6V8sbMVnab1Gj1GFht4Br1YfGiYhzuX,200000000000
15mJ67emLqKczsR5pG9yEtkNzvr2xqrG2WUrpm1ityrmWgF5,100000000000
14JYWX3QfMCgmb13rCSXyqu6gHhT8F99VHsFJjao7bW1dUc2,250000000000
13wU5UnS3nwEm4mGUDceQxg8iTmtargm72n5Pe33xrXi3DWU,770000000000
1jYjxmvo7BjzyGk6yRVBmpabKJ8N96ntmp7Fh1HJgW9UQZy,100000000000
1uhrPGFADmgTZw76hUxujYdFofjJ2kCUuK8KU6fXCZbFxuz,1990000000000
15BFja1vgCpDeGhPgRKPa9waSsZcdMxEjYQrDgyZHbPkvXR5,302000000000
1P9GBCFefYmmCVKeF4vTEZnF2PfiHmWJj2rPsCoB3waUqQc,50000000000
15VEEL3KBjfvwzUToU5re3qyYcf6r6u2Gz72jxM5pAvQcMTr,250000000000
13WMZZeW37yruaUnNeFmNvnni2NFnvKjgyXYU4sybQUiLMYL,150000000000
15i18c8iexczw8s5p6jdLHEKieecbCT2LPq5V4KhjszFs37g,200000000000
12yXcJvGexbMMveS8L5NrMPryt9weWJ9oyzbGfpNeNiuxTQe,200000000000
14pAG2XFsAaRt2extVjTnri9nCEsjezEjGszKe3K8PHnigYy,1000000000000
13GJmhB455wFFXSckTo6vJmNx6y4bo1oyBoSoHymQHoMjaZE,70000000000
1mrKw8ypZwN3RASNnRRX1bBf4h1fJxeDJv3NpiXLacFdbq8,500000000000
1ecQFDA6t83p5Lsc2wGhvqwzoLPeHXYqUSYvRDQsgHTsYeq,858000000000
15x3NJx2j7zTZVNUFwH4ZwpGFPxbCXRtPAyVf3FgRP86pHXR,50000000000
15AU7Ydb7gN4WfJ6LYBsz4tqJC34EnGB3xzGpzSAcBGBqZbR,400000000000
12GtfczW3kp9C8upQy2kc7biPMHiDforvN8QE28Y99zXBJNb,400000000000
14AfMx6Z1bET74ETvVwz55vGPY4PanFoVFfChGVqiaE8deYv,450000000000
15mKYGqJ13CLRy8LgEZabcgPf7vEaJvcFivWeAwDi3chmXAq,80000000000
15dkqn5UK8eu17b1WYNbR4zB3BZrqYxhmyKz5S9pfXh4phPB,100000000000
136h3Xr5FJPWxhAHrgDWCuqWto46pDqmGLnxGXg1q917v6Ef,190000000000
14GiGWDMkWra9FojEEYyoYWtxi4FGAiaW7tPJX62V4DJRFyD,50000000000
13wdjgReNkGyQ7Yc7zWgzoEZGTdhN2E88FXrpmisvMJFBWUs,115000000000
19TWEn1o2UbBaQtp8Nz2xJ9egyQqxj2YFYApELUcVGJxgBA,430000000000
14QgdNvzBAE6c2r3rV255EoS8UBuxmyykhKDYLvAXREEJ4c1,1080000000000
12KrcF3e9uefG9U515Jnt3WbwHRvNFjsKbuRTJu4wWSiWrT2,50000000000
135iEAL3EsSGNrVC57wDfCJTfRpGrmETGcuY9m3uNBysYyxb,150000000000
14xApLazN4QRg59hbMkQXtVJj57fxhN7CD5RMG1v1eqK4sdD,210000000000
138srLHt5MyM5ha1thEHky5R7QrTPoHJmnnWXUn8uFgim1jk,120000000000
13VRKyBkQ54AzwJMBqhziKCG985bzMAebPzfEwUwf2eRcTVi,2000000000000
1usNd5Rw5qhnj6hyP8e8s1uQJz4vXsYEbT4EQKfBqUgaD6U,100000000000
14m41N3vVEqSeEVHoWuD417nB3rMoz7GbsJ6zyspL4oqoQh6,50000000000
14fmw218DznERsxBZRuAnCuX8vKpX2h3xQ1xWexNmJpt8FU4,320000000000
15AnrACqVZDdATcaXUi34eTFqdS6KLKsumTLpg64bDFxm6Tm,100000000000
16AjgpGpmpv5hmNhi6a6A1W2tVGHv397Ss15rCkss6eFn35h,50000000000
12LFrjjnBd1kUNLcZ8TWhgneydTsdD5xVoCFt9HgpySptVgg,1100000000000
12uvkCPSLMbasvM13pgUXAhAhXqkWmkM2rrhhcmcCxDg3qbc,330000000000
12VhjBHvuirgm2pHrRtR8GofDR7eDCupqPMbYN3ksxcc87Ko,890000000000
162p5csRCrUdH3PGEq73bWDTgY9X4nGU3x2x7F7PMghvFHCd,150000000000
14V5gUYnXj4Pfacn3cKHUYcQfo1Uf7SjrSuQmoBDKCUASLnd,2500000000000
1LYTcaurW7WJC4G182458RqdRVVGNPnyGXmRVukKRpTgPV6,1250000000000
1499dpTddokJayStuHpf7Pg64f24rYLX8N1EtS4idjzMJHN5,600000000000
13dK1nR4AZkfM7ZvyqhuF2gqs4XQrvoRSU71X1kruZ18T6Zm,50000000000
1viYx6RzbUTGHCqDBvqb15m5iBqgesbcLJNNuF6D19Rw7Jt,50000000000
1sJ56EWDj7CMsVoVFrGkFij15W76moMpJnDNUgLKQHNLoqH,400000000000
15ZvZrrj6Vp4DMhNTSeVBHrmgBmQywxrUDfFdmXV2XT8gYzA,318360583330
14MP4YcFfC4b2SYj1mMmXMVi8LPhBLHJjiZaTixmV8oWjw6x,100000000000
1xSKVbbXXhB7CjXSqGJxScc19Cbgj7EXVW2719NoHdQtohX,30000000000
145dJgLDXqVsbwZfa1vDVBojYVEDsdBEbfbcZrE1Cr5WNXes,400000000000
13YGm1zzZVchkjWVZbqaR2EN429oWgCFDWV53dx6WTt6tmA4,15000000000
1KiPifK2qSLuCNxfTtyxkhNHu23PZp58Z4zehW7mUdMH3m3,350000000000
1QruobTVx7s2Vs5BaoHMyJ1XJqKrH4u4jBG8ZX9k7iKdtf4,100000000000
162XtFJ1deiPRa8ck9E51TLiaBzG4yqT13yNWAjcDLAmN9t6,500000000000
13GKGfVL5M7RyRmsxBPTVDK9whx8Se2bEjBqndDcHFq7hms4,311500000000
131Pt662T9RBLVbFeGEEdg6Hxt9FprG6eTJb3ZoPGWuCA3G9,550000000000
15mHix6PKbi4am2fnpyz15QBcvmZj9CjHXf2Wsymugp6D8d9,100000000000
15iznG6spvEt9iJnj5B7GLgrZ4nzjC2CBob122LJgBcSTft8,60000000000
1qFUW1PDZNqsZibsw7HHnLyDKkw4Z6H4HWBHoHx2fvD8DSJ,100000000000
1ScQaP1KQqL1PhwsCPyj2jkN8aRX9jWUNASjwQQZfyPWKoo,500000000000
15GWWXUj1TG5k8Pwra5Snoad8VnsE1SFUzwTGh6Xo8D4vqEt,100000000
1epZNCLsRKUyvFKSgcX46RS7kdJepNZwBcejpVwghtE4sqM,150000000000
133p9fpvC4bumDebEbBRMR3bAX9JFjGhNqUvdaFWirhppy1q,450000000000
14pDzTZFgFNkKpbT2aTM7sr4BSufkXjby7P4pa7i7i9LreSz,200000000000
13nHjTPYBSUiK6QyiAcvEqi2EHLUbYJSNrcfd9Jx5JCiHVv7,805000000000
16dTXsob6d1Di3XW4c2zReQnZorSewqo8pooeeg55iw6VMtT,180000000000
12bReFPTkH16LXEUKL5tBuWKLK6exBvMJqogifQzeGs3Hhtd,200000000000
16DBAcjjyFiaiZ6M942CaW3nyqvcs3fxbs6u9fMvLkJud4Up,100000000000
1HAbDtRy6gsnKkLXKmDB4Je7gPkHyXX64kfaTip9EkesH3w,600000000000
13zQRKEzD28jUUSP1QeXgtZJMTXoMmuWBCkMrpyJoATiU3Uu,400000000000
14ET6yhGuwyvfx1Gh3548wPkNcKcmU1nWT8Xq2Ty6r9KDEao,259466000000
136k5cyogmDpRdsxuNEPZF1iQZjMeQtRs44KNofi1a3bgtaS,100000000000
1qA6WueiQz8mN8bPsrZs8aXruujJ1pmYzBgeWuVozEwpSwm,50000000000
16h5dUyYeJFwFyt9PWekYTR7Ma3Bm8FCVX5dtbqxtxSX7WS5,90000000000
19dePetkYdvNtjeiLzjRQEDEv4ugL72dcJMQsFe1qG3616q,3000000000000
12ebpsAhEPV2pzMrefVnyRmpVQ2BDUDfh9Dt5pKRiCsK9HA8,40000000000
16SiXVinQBdeXoWTQdSuNBRjJ9xteNHvnk1BdF34BA71Yfph,900000000000
14NL23hjiZguTsM27P1Qd5PcyfmVYcQopED5V4WkGfkAzVij,150000000000
1L8Pij16bBgPwFhjbXR5enro3DVFLmKmdmHY22S8Ar3pCd9,30000000000000
1RYH6ayZUneun3iYm7Gc7xL7JcHnpFunri4U2fgkyrufkpa,500000000000
13pGYJkgX9itWgAbnSMfoHD3QRc1mjfPyc84dytiWmTRutEu,600000000000
14dEJddDqAGH2vwhWPY3qtpnbLeeTN9Ke9a6aenpYksZ3dqW,700000000000
12mJ7ihDkXPzgrcvH62KirRNJYh41PErbX3YK5x2TiWed9w9,2900000000000
14BRemGmM7ntMRUtnGSMy5J6uuvAAiQC5efNAeZRur9Pw75b,50000000000
131c89ogRv8NSumSXtgDuBaB8YW4YYphitz3mscAsvfp6Zpa,150000000000
13tqqnN6PDci8sbyyWeS9P4xjtekfzi3j66hwWaj9BB6egp9,613400000000
14zHoLMm8pk7pURJR1z91corDY28yoZchyJxGhWzvouBqPHc,200000000000
1dsVGzZkmYRiUBQM49NbHH27BkoYgDtPu1KVcLo5Aaynm1w,590000000000
15w11DU3J8PKPqvZ1HtrxHZ4UiF1MmXneaxRVotsSK4k4ndJ,590000000000
12zVHmdkvxJpdKSRVAHzUBzSRBXLkE4wBg5GmZ9ffrmN7rYP,200000000000
15XcQqDEh6cARa7hnLtHUHWa4nyeMuDzmz9rJAoNgF9T8Ai1,400000000000
14un558pdhGCgq8w7L66RgaywUvC2oLRoq8HNSgh2mwWAndG,50000000000
145aL6kiuwUmkArEeDn14LmQX6xTRuCF8NhwtwQ9KkPNUPC8,10000000000
1pvuSxBk3Zi5G45Mi6HQQc6VTYjgeThpKUcNRoY2nu4DX4U,90000000000
15we3p2RBRz8zaz7cEmihKx5Qu7qPqbq9JwGX7gV4dyXG4oo,910000000000
16GGyra3KRUP9BRdyAsUza4Rd35iUGuW2U226mvjwQHGLJGH,300000000000
138tC5aa6zyhE2umnmweaF5hh2TeXcVk38rsogtGzDuETwWV,300000000000
14H5L1ev7vomh86PzdLmLRGEeWpnoQyJnpwUxg76xeD83FGj,500000000000
1dqBXj83F82B3ikGr8nYcxKpnRico4GZzS3gbwBZjfrmqSY,50000000000
14xLP1HrhQdyuoZyZRATm5VenSDbVf2TviXYyMWESuYqGw6b,400000000000
1NCjDc2C3NXUhsj3stLjx9jX7tteiMGuc4mtyjEQK5a621q,150000000000
1635bNAKwLDdjgK2XBQ2cW3bKdquLt74gJkj3Hrk7uP4Mzak,50000000000
15QS2cEWJcmbNoWwRU7CAVGgh4ywyTanJ8hwTo8vDZMeK4kM,20000000000
16Xa2ebaPzHRdMcwGh7eGUCL8wyXm5vHYvfRbGCLHXKjTm6u,200000000000
1vB8w6JcLtvcuZUoXFoft1R73eDarD35HMkUhSCBa7p7kPc,100000000000
13VYVMW6ekFsxuE9LxigBTnRatZoQMNr3eFkTJsusEFQnmWZ,180000000000
1FFAxcpAkXWPxBSnvkN4An9cqVCjkbTwFK4HP6MZ9e9vKL3,50000000000
1431Xctco5T8EpYoJVSuc1fckrxhHX9u5sqYEs2HbmbynRqi,100000000000
124bTMGifqX8H6mdVQuDazrQDoyEdkikWtRem16221hehoeg,560000000000
11q9bcEdXyQPWwto9LMhcCubKm6RVxkZ3bRWTuNFcuBZPZr,200000000000
16dEnoCNQDUdnnCego4FMfZdZxAMrU4zt98xqYoCaVa59rZk,150000000000
1UUZpjcTW2FjfWqgLPNL7BgcyRb3fLudUqqap2h9eMyBXd8,700000000000
16AQu3KwTqF4QdM1TD7uLT8gVqxLWjPMZ4n547o2Dh3Rgoez,100000000000
125z9TSTWGjRN5VRJbUpgCgEK5i9piMkqz3nFiK7esMHAdXU,800000000000
15mUAFgq1TPxKErQYegtJWr4xVTMnwgxXsm1Ui9rVCmZz3yn,200000000000
14DnBuA7Qt4ZywXJ2pWSG8AtMcAWNJZzRJHeF6X7xmAxXQmE,10000000000000
135qmsPkQCKG8kPSLLq47VpgDb6YGQJnM1WMb1SzMVygLYTz,120000000000
1364SogCiowqHwgn45kvU5UWhnMhsQAYLY6fKhwDJQvsEmww,300000000000
13dGre9gzSoGs2zLMF4rkVWxQDg755174FeRt1Nyv1JiiCRe,500000000000
16dZLV7NFqpHtuNRT3ExXx2aBDKQD6U8TL4AWgNqFtBuCVrE,500000000000
13HEgdiAXuBpP8JzC69t2PRxzoZTRfgmT8Kvp38Q5KeE3Q5E,100000000000
1WD2uXxFeMGwgfeunjoeKkR9TTBX8p7nbuMrJDPUp19Xdfm,1500000000000
13xYGbuAya6kDkn6vsXw73JHmfcLMKR3pYjA3xfLras5VLNj,250000000000
14dLqWDAt96JCTQchUwWZxeXWmpjcfoosKkoqW65agYihx8k,1240000000000
126XRC829LBzDvAmw5wMVxtBHwFEGujMYw4WFPqCZMJe1ETT,750000000000
14dEhZ39phSYeSYcDzf4B1qkbpWv3qYmtPUGc5Rt3TDixSbo,118300000000
15B2t7i2MGJWQfSbCjpo8UREFCTqtSXj1ErJsx5Sh34CRzrQ,110000000000
1BVnWn2QNUApmQiKsPhnTCDnS5eiy28CVnueocrvByDirnt,58000000000
12KjrhXMAMh3QdecocG6PvLw3kwNr3pJQqUhSNqKLh6cbG7K,350000000000
14Qo1vqZcBdqc2BGAW7HkXpXfNeos6bMD9YxbYQYx2F1Qxho,5000000000000
164vtDBLrCZSsRiTdUu7GaDx4bWFwKZ5EiwFKNk3o3mgAcVp,150000000000
15uCD1fmUqY6Zf7LkJY2iTBBY1MBe2TSb2JZfyhV7dLnEg6N,5470000000000
15VsqEL55iPqorppemdygHHEDESH7XwzfcGfRzmGJyGPXMuq,35000000000000
1445QgnsJjuWEP5euX91QBt5CLgF5Vv8o9EyqhpWLSRZawxv,50000000000
131LFBafCNJgoxx1SsW3BhiSyoqUBATE5QRL5NEZsXxaPTYw,133000000000
13MhkxkufD4NuZDhB7UPwvx4yBqjsE2NoY4BShE6En3GGwqm,250000000000
14VJesxKyMrqYUn22vjQvLwtxFKcBHFYar9zjQefewJNFaT1,107000000000
14DHmg8BsDYyWxdnXJWdsFJ2nCjnu1yzGRtCgiGsLewAVJH6,1500000000000
15fZzXJ4JnL94usxSDLYsQkSmWD86Gr6yZfrFKLDQi4XbZDX,1600000000000
1jmfFRGDhn7wSgY7RGFwAC34MawzKnmeuUdKW6CvCsBY4FC,260000000000
13zqTsG8JpVN9uPXRi9JXyAgD11XKgsWFDfqRxc1Z8PicBK2,608223000000
15rdghBj6aGc1g1yg9SoYYJVF7sL3Z24g3gcXPjziKiPjCzE,150000000000
12de3TZPv2nvZbajQkC7uML4MhjyVomMq6DqFnceBF8yA4LD,3345000000000
13wo3yicXftE9g1z8pjEZySTFu56GW1wGhrU5Js9V4ema5kg,100000000000
12WCfQykVanVVDPgSGAyAZ3gosRFSrzC5zDCMS3Hqe9Ew4Dw,580000000000
1RKqdhjugC6USLmdAPzP5L4P6gL6d46j2fGgkkjQwUq4yhX,57000000000
13GNMEWpLjqjRuVVjdb6UVSV3EFRfAtFbGttVXst3hNtiPns,70000000000
12h3W2m2fz5WAAb7kgvy6eX1hF771afxRVURjqVDpUciWpUL,90000000000
13rJeUFH8bw1c24KBg4cDRY8UodhQh34WvQWjC8pRucSVggr,480000000000
14z7iNpNgCP7VoheUQUg28qozWU4BHD3MpW9u2M8L8eYZNXs,450000000000
126CViP3L2sjAJvJ356Mh1cJdwANXXjiCF1aq92KgSDrD1za,1000000000
14ghjNVqNZjZ7kaZuuhoZkFa2oqxddrx12A4J8puxUqhy6xt,1000000000000
12j1wB3KuqhvzTWizH4sB3EW5s26mWydBQmsrtbhrQ1BhDRx,1500000000000
12EyXGWRDY1y1aPM5qcNSTSk6AhGamwqd4tJe8uCYwDhCqu8,500000000000
14wwF9wsvfGJuFi2MWmsiDNhUuo7KEujNp2DHBgUYCQEe1FY,198000000000
1k99BcVxZdCPE1Yk4rLfTii9svrygKpFp51QYBM6fWDxQ3M,490000000000
13H7rHSMcKjTnjsh5tUZ83GDsgzzCFPqt581TAPcgSyXX837,4050000000000
14gZ6RAo9XwvVA1qgbzpfhxeNUP5ntNRMv4gE9ZmDjyR1vaQ,55000000000
15T8xjep7WsFHaPwf1uKSDH8xaMRoA9tXvgp5Fiv385VTYYV,500000000000
16hvftNQLu2HQ7ATHvnGzs93it4hrLQnibXDSZ2589qVkXwQ,10000000000
121zYwvipqTvBRPSwBPdpVpfciCCVTXFBk87J97ic6H6h1Zk,100000000000
14ggk8xA4Ea4kK2JzWoH2X2v7dZ94e1yo1bhozkosHnSmn3F,5000000000000
15oeZGZvjYddEPum3uyvBdXA4Nq95vydSgTzps56ZY5bPxty,5000000000000
15LsbFTd5NRvaaY5BZGqxZxb4zP7aM1GSiQDggn2AfqdGgxw,5000000000000
14iWGqAZUUchRuuFbP9MMjL891YEQbumw6XsyHAnx411YhsW,50000000000
16PZSyvvRJVdSLxCjhvhwwuaZqScJnftm4kvV6WVu8RnLySv,257000000000
13iRtvJLvUA4HmiyDj6dw179L8horvDAteSuDKZvpicEVzxV,5000000000000
14tn7e5hNwbroG1BZ7HcNvtoyepBjzN3zg1QkKNgWs2s8cc,200000000000
16L6nGMiRmSjXmW5mie67ijHbGV1yCPLmV2dV4wRpjWQ8bMT,200000000000
15AcVUQehPXyHmBrSnogLGEZommozgMW3zrSiirH6naNzjZu,200000000000
14GYVeFiCpKEzFLqpYpKprf2T7BPPwkJSgJ3c54jsdGEgEjY,8000000000000
16LbvKPeoXjfDDC3jHK7eQXew2UkVrdgB1S7uqN3fm9b64A7,100000000000
155if7gqw7rR3HASCsHDjjrHJHiWnoEjhoWDrNoD4L9NEXgC,150000000000
15dk6YHWLzV9rxyBMCKjhkX2YKqGzGSE88w5rG7zJbvbkaMw,110000000000
13dSXrqpBqP75RRELX5Q4MxWHfJoFNpCEUTFF8nrdNi567JV,102000000000
13uKADVryXRdMqcmgtu1FEtLmRF3ws6Rd8yKhZDzquJN4h9K,340000000000
16UJjfo9bPypbhW3Bg7fQBqukDvxpaD8LgY97dpdgxtTYw7w,10000000000000
153ctR2zVJch8u76jbFZy9g3Bv4AYG9oZSbudpsKWKXNHjgD,100000000000
12s4jPW26ydkKrUtWVuvFkVwKpEQL2sqgvPmmjrbJMSbVUUS,150000000000
1Hr6dho1yaHnygxz9kpKoVxVoQaQmQ1d4MpZE2Hr7kBNEgA,10000000000
14iEtZ5bzDLUBdenrLro9Qa9dFZjU1KFWKEVFCfZCMG28yKF,400000000000
14AcxC7NDJyUsMGozR9Y8vhTnQJobEbnayw2aRbEHopDYdS5,100000000000
1GyuYWLq3H8pHbfvCvsvHas4TGRuRgB2DYkHMGKBm1mg5Xg,100000000000
15ywt32MQTCaUgghQgJfJJfnxepStcKdV9qV6kX8uG43mUUv,4000000000000
15fMuDMvBBB23BAMp7R7U18x2zPQvgaVzatsTaC3j6woUaKa,30000000000
11ar6ctptHyKjBpQphdrL6tXRCHgYowNtXy2cdwb6L6sKMx,50000000000
153M3W8r88quQcuHHPNZGHpKeENf6fxz3cYNBLBhvEXnsC4r,210000000000
15iU4xD8YGMaow9zjG81zuqUvywRij3n5pziLdNYyW1D6kLo,100000000000
143EM3vir1RtVLWrTpCsUDadGUxt8CGCQqmWXbAgRQLMNbtp,500000000000
129hc2ak9wrii3AiF3S2wfGKYceodB6Ad43jCmbbFs56bvGq,4000000000000
11yjQKnpKiMi8yUZhS2Cos1Qr2qADpVoZ5B53sezHdKk1au,250000000000
14tvT4eBvN1FfNbnLNvmm5oGtz7Zut48UnUiy2YE8eNMQCi6,100000000000
14aVUTCeGgYRvvHWyxYveJLaaBdSFy9NqvDAtJUhQ6Nsnrpd,1020000000000
13h2J8axqGXDMtqCv7fbf58tj3w9FPybTWt1tnZvYe65JQYK,835000000000
14mnKc9gcpZinfyb2QbZowXFjkSXjgqkqQ9CMA6xZh8mD46w,50000000000
131c3goSoSAh6Uy3KcGSqwWqaMA2kUTXRKFTQLWdL1UyVHBL,200000000000
17NomzRm4ZUGXSVyMFHD4ipAN9iGiELe5LNpdq3LJxxm2Tm,100000000000
15JqyyaLb4sjyUt4SCny6cEV7xXghRwyhmiQXnCvzDm2QBwz,1250000000000
153SbcN5WYMbHaSFuxSwH3BcTWsihUqZpfFEcUBZJ8HmZ3jx,500000000000
15yu4mLcvimVPeYDqGqKPAZVobQC3BVj4UCAE5hZDJ68b5j6,400000000000
146Z8Am1xrH7V9tVRXQyaBgjxX9dWQC8uFTpunijyoUA3G4E,400000000000
1U6Lu651qmmPdZfFfs8prAaJZ3vMW3cvbRBfp6AgBjVinyc,200000000000
12hGHaxUTg2uucVLPvtVGHNh93h4K872g9GmFsuHrEtUehsn,57000000000
13ggeZViquN685k8fiYSGeKCStnAXagr3evdXJz4JT1JKGcR,200000000000
13unvgR63preoVfaY8th6VWC6YN2wTKXjHdS1vgGb1Udu26d,20000000000
123wxkbCGM4F91X8WhyJsxhq7dqb8392BgBTWrEVLZf2NP1P,6550000000000
14GBnfdSgAXVCCcmyr1f2c18qF58R5itaRwu3gFJ2pu5Xdg8,100000000000
15PQZkXBYh3YboPAK9SSVJf8mQpBdCZgiwqNqiMw2TT37vT4,200000000000
15Do85WjGynoA2RG9HYLZWUE5vnf2tbB83cKzRQRP6sCaW6r,50000000000
155EHRyUFopgFXzvgt44Dmo7TAkdEnVJ5Uhmk8vJsnExrQWc,160000000000
157iBNGtLo2t9AJqWNseteXULU8XRWPJdn6RxWvJqDxtoqiY,110000000000
16c552whYN6dr8jJtNdRLm8FKyxMpYwFDP5f5enw26VquJk5,200970000000000
16FqL3KGdeDCPtcQ7creZMjVyQhq5iY4Yx9ix9HabKwZ6Uz5,50000000000
12WRd2wFWpzFdWmWc9hg7ywBLWeg6YspUg4EcNpgXfMzjVSX,150000000000
15qqgobVp56zESuKtfcvCMm1b1WgWE2z6WKNberfLAM3XtVm,65000000000
16S4YMU7JjiBWGwYwVWtrJY4BwHMFogCR8Ccv6ALRSb9zNth,200000000000
14MV2morbw4yLfHEVhVrmXgJUHAsAkBVmGyGMyQwrBwEE8ub,130000000000
12NZe4eFEpvetmhdRT66uxVCtHenpgH6BYwmk2kfpvmWhBP6,200000000000
1bAJ1H1yyHgVZAGqfqwJuoAbr5ZC9mrjXbS7XL1gw7mxVjq,140000000000
15oPdc3V9nVems7tsLeC6JEcwtfUk5TKRTFx5YNNsf5stbSJ,1000000000000
14x9rwHz41qws6gVRCqK7P66KMi8xcs577snFuoDjNPT9Lni,3600000000000
14i6bjuBdRhLTQbqNm52KqdEgQJxijTiV9iEUBFhpndPpXSt,50000000000
13C3zAunDG8FUyFNLqo9aBPWMg4c78UCeftFB35VMw38nETa,50000000000
14EA4cMvsSA8nWM2Yd2YrpJQ2Q35D4oHQoLXSzfmAaYE7wa5,50000000000
14rMLDh4QAYKxs6kdN3RtHbXyjMFSyd34EqdArTAn2bW9SQC,50000000000
16VYAqkEV2qmmu2etnhwTi54XTcwz3ZALPCQi88jK2Y4wGzJ,50000000000
12c66WGSuPSSAm3RDcsPTSJWPaHNFZ9jGgGKxddrGi85ZHry,50000000000
1xWsW4TrGGcsDCXoEAv6kkanScbApvQYK3YFS7kTVbwg3fm,50000000000
145nS4agsLV6rarAPveRg8kuPLoLaTPsCeHkZbD7bTPF1yYY,50000000000
13TRohUJK85TAbertYZvtKVnpLdKpFz97DUBWycHYSQ6nT2j,50000000000
15d32pV87QQRSt4NRvsJZEqjiipANaDxYjPjJdsTj5PzKL7D,50000000000
164vkaZNfZHGkZNH1s4TCSuTjpPALTz9sFfEuyLAMRjVQyJZ,50000000000
13af5obwNyB4MDjjREbTuQQKb53dugj2SXHrhAuATb8m6NGF,50000000000
14TbYCW87rJt9VdCv7CXSfNxj7eQWtSA2HPx7NUufAXkmJqe,50000000000
1xgjzbmoPz9rJMWnYQHHbPZn3vv1TfTaRHevokssgCFnX55,50000000000
14PpqKo5CkUMZRvuZrfj7z98Yrtyf6cjgqgoeLx1YMMADV14,50000000000
12NdR1nL2yZS1D4Hy9Gt733mW8MMMvHYqmdMUoFS4tfPJtRm,50000000000
13gm4oKWrR5D1TQLbNi4go57LzNGav1NF3L8FVWETXvrPoYR,50000000000
15FqTMBMSopiQVKEUzA28Y47Am3Pj5vp3p8bWYGBkGS1ixry,50000000000
16Lcnm9TpBBVgWCrYivCSaJWe45Bre5fTV18TkabMNWeyk76,50000000000
1pGHTLYY6gUE2bzcuzwHueXHMPjZShZFfAoPcYgJABhgqn2,50000000000
165ms1yXXjSG2os8rf4fo41toJT1ACdSZDgiqRvfFYoAV3UB,50000000000
163KZw7QYNhYHojzZewzeidgLopEzjU7rZFvwUeK9utDCW7R,50000000000
16iXn2KgCc6HjPH3mZjQ8X139DHnCnsh2cxVh3Lehncw2KSn,50000000000
13YQVLqijgmSNanKpxbDNEsVquFqzQ8b2Uie7R1BcoZGwpi5,50000000000
14Vofu9EU8yJaJLXS7itNba2UEM5wYBmVrT1vyfWoRJHWAfR,50000000000
142yRXcbA1KjW9GZYjc8wrLYEwYZ19dQa9U4NxFBApeL46Dx,50000000000
16XsJ4FSnEjMLEXGjmDYbvYkaK2yDKecnhNVtDLQyj4rwar6,50000000000
1UQFuxeSmZZvRzPkvxYshW9qbSvrFhQk6w76Q28jTpnSD5F,50000000000
13uTyRgKDTAArW85PWunQuofn3b68CQGTahfCf3reijFPidE,50000000000
1dnEA81E4CzuPL2s56omMXh1ZZu8sQywLxiWra2SccixSwf,50000000000
164kgNwSmaVEKPqVi4s11FArw1BeMwwcurHTM1mRGZjkGwAf,50000000000
1Kf8XqNJKWAqi8YgrvevsGP97zgP6noYSe3Q7XeKwbP5zvH,50000000000
1582CyLmQY2nK58E2WPBWQmb9tnkVTjGxtk6376hqE8eK2tb,50000000000
12RWKBFbp93E72KAQ9CWVgpwWEE8FRE2QcF1ccY59YAbLZzi,50000000000
165FE1TkCyCPkiFcTujeSPKvhxswkUUzbGQJTQqyXcjsecY1,50000000000
14s3tZrKxm2vKKXr7Xosz52qtiCzHTYadM58uEnHqGSZM6gS,50000000000
131HEanzV85tVCcAiAizwpuct4rRfCfFZJvcNRmvZV6qRbvC,50000000000
13v6QJ4mECu28sQtAGK7LYB8cJRJ1HF3rBnjhcema6GxA9tA,50000000000
14zp4iuMyFgNJfHfYzsRzL1V9w6SzBKe9vPbZhV6TjcxPb7G,50000000000
133LStybSVDQ7fNrJ48iDuGyDEbbygJJFVfTGwYbWfe8pLHz,50000000000
12K4DRS9YorizTg78z9YfC3cYNAV5fWXLeoffvMroFujZspG,50000000000
123buX8XHw3PvdRQtfVXG3JReqBRsNs6KTiZyfYKrCJSFSi8,50000000000
13rHzzSuY2ecT6aF51tgVGV4jhXqF9utWah4A9uk4ZY14kuE,50000000000
15iuRWKJhWwTTDjz7Rqx2eT8D5ac5gwkK5Vxmbb6gzA54eRL,50000000000
16FnjUG9aXEa3YhwEgvVEDVGU98w6iwNdEW2PN6CTQVPnWhw,50000000000
1Yw1LVrnFyKQHtBhh2nRQzfyUu3Q3pcdhMzhByYYTKc4T5z,50000000000
1Qk2tozwEfFDeu8iJCJKjMczSuLSjmXVkJDVEyvvA1PHADX,50000000000
126FuUBuZQYFAaNJv3rMsj4jodWPj3DT9touoQ6qpbG7fnBi,50000000000
1jML25wRwsqj6axKiLzMnVVoeRJSpVbYfncmk7JjG8wSUWc,50000000000
15QLgd3z3TeYgX2gSYJqmULb2sGkR1xX8bp2F6f96kQULvkq,50000000000
16DWBD5cfDHbyTbcq1zwGE3qsf2UTyv9uLFiFVVUkXZuYkkV,50000000000
13omYePi8Q3WJ4CuyTpRXyRAqWGhmqC8gKrorJ6hXhmJJByc,50000000000
16Dk5WszDAu63kK7j5fimgdPovyCbJv1PBVznE9okx4zffVE,50000000000
16hghWG6NkvzQfdH4Ye3FtUSvfSTHhajDusLCnFjwiQ3KGcS,50000000000
1sLAmQFL6k2bEw6Ro3Sx26b85PGfF8gtrBCh1ufcbbTnNok,50000000000
14wLT4uMBHXu4mKb8uJNWMqkrZC9msk8TrSzf68sfuLacog1,50000000000
15z5xciqqeigdFQoeiotsLR4N9uVUz1fZv6Jv6CjogtcvrGt,50000000000
11u5riB8iXXt6A4P4ghKw395skZWstyhXF7jnpTY1WRGWMW,50000000000
12Gx7gtqx8NyZLEpTKRYVJkSqP1eQdkZxmtZZphTYPDRf4sh,50000000000
1j6G9FkSqyNZxUsSwqVw6CVRGcw468WE52D7PQhbi9pq3kG,50000000000
13Y66masceynJEwKSf8FFHyvLTHivbC5hZ9e7ZwLFp4cdBiK,50000000000
16cVvCa1YZ7vgkpr4gNbyQVfdeLAifV1ecfP3fmDxe6wBZNc,50000000000
15JAjKpxGtPPEER7gC6NvySTYUhbJasWjRXC2pHLyiE4fmpk,50000000000
1LdfFrrezFfU9NamycNRiGScHsRt7ZMrgtqFJmEt7ywqCdF,50000000000
15ML9MJNa8YmRTJraPkkQokYYDwpi4jZKb3XKgegmREhqMck,50000000000
15cjgfseNQxadHT1SLJKhXjgfYafdPgjRkMeWAB89rEMrsdS,50000000000
19xh1bsasdHGzZn2nyLCKPgGzptJt4yiN1SrfzuYpS1G2Qf,50000000000
14PTvvJf3WdGkv5jGCE2trt9yZYgANxjCZWg6TqZrmAdCst,50000000000
1Hn5gG1BqcgmZoaivnfAGSYJdTSGCxDZh34aaSZmcsSXzd3,50000000000
16kqzqrmHqxRFoq5ib6WsWKK2KNcsRCnYAkRFw6ryRAMJdw1,50000000000
15gF9dXcqGA8tDwmgmmuj7rx2njBmZ7eXHSUqZ54mqHK1zFg,50000000000
15whQmahCkhBPQRDaXjhnU3BeBJHQBW1SQdowd257NFt2wdt,50000000000
15qrUDyfeJeR6ccttPJPSYHgUwx3xeQiaPgjvRgVATAjbpCc,50000000000
13H9Pvs3CNrP8sE4wq9MrZJDZWK5bgGhzUpEu4qF8LJDTH9N,50000000000
12Bmx5v8mujSZzBLS2oAsXEfe9CXMr62HofmFC8TMt2tC65Y,50000000000
12KSu4UUorjPdrJjqF4GcAG17G9RHtK9MKEtcQ7Ubbrn1Vhc,50000000000
121eEAMQi76VhJzd3BF2sNrxGCP1M533WeE4HtuzeVvWXo4a,50000000000
14EHSG9PbcPysMkXbuUfHRbhub2hjYf9wbEjiTjPUV8i71GJ,50000000000
13mEv3YDipYV5HmDqjr1TjiRA33DysU63Mg2BBn6cZgyvmxh,50000000000
12ZAvFgt2UwfRHvUgAh9kyrNn7ziHjy4EUuS1RT6XG4yE8M6,50000000000
15AGJezrchdPh7MfcCySdCimjFnJkz3k1G6a17P42vfBkNt3,50000000000
14oJF6E4C9mSYDcWJB6UvibYD1fWpSuYpCkWGaSn4kEVBsjt,50000000000
14JehR4kPpQsT6NjZoqfVxMWdRHRcgcqh23edboSmyZkKkhQ,50000000000
148NDDTmbTtiFq4yhbhPxA4QZt4puYtnpL1PEm2CDxF2q2nq,50000000000
16LT8ZRtQsSpuHAHXG6m2WqXNqcUWGLqGCVc6udYSgg5dyQr,50000000000
167hxRzoRAKWGBqDMH4ravZg3fdEt29LN9VBAWtDJtBz8Dpp,50000000000
12TM3TpQH5pFL1GcgFCpnPmQzvNFoGFxYnm2cNox8eoT49eJ,50000000000
15YRkizXDBZzcigGTenXfzEWKQntuKhKYKzzEDHtwZ3yWFAy,50000000000
15MYVVtWAeB2uN9FEfnUqqpBt4xxSP6z3asK9SadscvUyU3C,50000000000
15VqjrHQpoyGBAcPb4bm7LsWWXsTDiqKWVAqxnjEvSeQxF1U,50000000000
1jbCQS11j36FzNVCKYiVo9Qz1hY4jR4pkx4ZMkDUSRybL1J,50000000000
1EeEmwkM55h2GeHKByvgDB62LVCsyNtJFtNHVA6hC1NV5yL,50000000000
12NMveZW42N8h4ghCtxb5z6m4Rpe7yF4dQgvXNynE4JyXqrC,50000000000
129FR2eQdKXtet3FMRacYF93N3BkYCGQ7TbuLiUWco8XKxkr,50000000000
1mfrCJr1sYMMdTxMj3a47jMUUY8mCCJuqzvxu1JXUg4xCwL,50000000000
12hKFqTcNLfhrqhVkSFqtVxM1EnWoWus9xR7LChzDWB898CG,50000000000
13HMYQ3zHKJCXFxvUJDrFxV7qgyskJq9iqv2WMEQu7xV2ekL,50000000000
14DgYfTbZuKx7raAP994d6sSZuBZXcH3bwp9YTgMHwEDM4fb,50000000000
13TBGc4vkdidQ2fXB7e5RJy1hjVCnPCmrbJbHTdMZ3dNNCTq,50000000000
14wj6pauypiLHCH6KPnSkUNnNJyZiLESg1n4JnkYm6wtY2mL,50000000000
15Y4sJ7hRBPqMWXp2SJvQaEWfVxWjGumfhkmVEXmVHCjVQUh,50000000000
14EFh3UrK5DPgJ5LYWpmRUC91FrbRYizJLgCU9fK3SS1QbCu,50000000000
1RQaGc7925yX4srB8ASUPJPerJsKgBnWPNoWJ8bBw2PmpEo,50000000000
16G57ej2g7wuYPhnrwL6RnQXyR2xSY4YtRQ3EAFJqgbhMt32,50000000000
15Jiu66vS8JEibaVZ8sVkBzVkUq2KChCfvpToRk5trwhPZqc,50000000000
14Go2DPyDuAykYZWYWrpGagN6wihQL71pgrfvWiJ182vkpFd,50000000000
12RBj9cXfJzeJaDqfxKU3xGquhAi7YqBWyqq4CabSc6SjpUE,50000000000
126RuFuJNG2WAZskoY56Ud3MyJ3GfWoCsiCDdSSjfeZJC5bx,50000000000
13VZHVjU96v6y6qg2yMpGUUikkKpaky7s3Y7ooimMUvc3qBy,50000000000
153gsnt7rxcmMABkV3bhm4qPDURfF625Ea6VMk5MV99jnCmq,50000000000
162JPg5r4TYfRUEpCmJAAr4DUDjQAgM3fE9WRM5NoLsZNJMA,50000000000
13z9D9j7BWcq6k8qaL4P8mLxKRSg1ZT9uzLi1hdAAbZnhFWG,50000000000
15d3UNMyjtSXiRSB4sLezJMGFCEx1EL3ctwwdhQQNMfyPowz,50000000000
164s2k8FdPUA41ZtJx5tWdq8WSSdBLfE5zA1FvqY2i9Frw9a,50000000000
15XxJHPaosgurXrabveC37ayyNimSzuPUVFdwgyDGFT7zXjm,50000000000
14zS6xGqXUZzb7CEB6YCzJ2DccCTqjMemogt6pydrWg1tnMv,50000000000
14fX4BCtc4kqCjkqXqNxZmQbNDGU9ahwyzk8ShAzXU1aWEZJ,50000000000
12BFrLicNTNJ8gBmxNohf6Xe62tgLfXrKVhnX36bEViy7k7Y,50000000000
155Q8HV3st77TwQoZNwBkZ1GqCGKGKX1swCS5iCRk6CptU4y,50000000000
13m8z1XNRPKd8wAE2kh9pLfPhnrb63eeKg79DFRsQAkBSufL,50000000000
1NrNSjovynmh8C8kfzd18xT64xhAR4uDPx4fEY7R892eEg1,50000000000
14b47qKFhMqaTocXVUuT3Rpt7NNghc2czMnjiJhzfK5BXtXT,50000000000
15G5JWsMRVfJTqKHZwnrsUuthRrGswVLDt87hgA1wc4RWEKF,50000000000
145RsW4phTHwnMBCa8AMLXj6NhjbefDD3pc6xp7ztbVA8HbP,50000000000
12GstbBWqG4vovdNEjr3QDkxw9d4mDAxKyWDLEZoTJbgvQNP,50000000000
14ST67HZkVMQSkgJiYTo6aDEGRfguKaQwWDkfzcTx1dUBi9n,50000000000
16PunnydF9brN952kcVvRhuZHPZSo7tWQiFwBHj7HrFRZfeM,50000000000
1GmwLGZyhsRnBhTbtcwrFffvapszyRYmHNpSQmCuN4fUtnk,50000000000
14GhMRtWnyyjVBeYebGHBTtmYmm89e51L53A1VBNixPRUakF,50000000000
12uCmj8osGYgxitFBqeThwmgsYcsNzgNn5mEdueycyNqMUA8,50000000000
12jQ1N27qvqaViWhxwUwoDU45n5X2bScTrD8JkcHPeqa59Gp,50000000000
1YnHK9chXWunQsrY6zi6awwu3nnv3WjXdBzZxGsgHsmiCC9,50000000000
1YvMvsVnmC9drS8CXV9981tK3sEGJ4xqWu7omxQcAF4QZ6F,50000000000
1A4Nt9wHgZYAuZM4u9Q6uE4QYtwK6ZQmirNVzfwkZqXYvf9,50000000000
14fdMq4ovQd2PwFbG3d3AfzPYvA4NUbVDsu7JvZJy8eyjgW1,50000000000
13YmSEhWwzKTRtg3YiJSW3idioPb2m5n9d3Ha8hwL6rUh6cq,50000000000
15PcE4MM5MbHMituXezWTX2kF4h3NW7TPMi5B7mTyar8AiAW,50000000000
12L5zoeRqri6WVRUS3VnDr5eLJr43hpXGssqfruH9cz78cNt,50000000000
11CoCvoQYNwTLUULXDAyA65yFBDwqX1pKpFv9J3UnMMQKH6,50000000000
1TviucxtARiJS6qLjJAJbx4gEHBYKEs4uzcqeqe3YcgdoBt,50000000000
12xU1W5HfPEM1zkAMSsBRaJXkFRDhuSLybQZBF2MkmcezGwE,50000000000
14dmr1ShJ6wNJakcgYDRhJcb5NUDW2X2U8YP4sPgqgvMmbxj,50000000000
153L8d488SmLPbGw1a5CXGe7hhcJDKTvgcvw6jufinrfMKHo,50000000000
16SCRLyM4RD78trgq1e9XhB1eCzxhFfvpjx8QYRyJN6nrdF,50000000000
15oyg88nNBnpAYsGK4a2J1tXjzLRZrV82La7atw1x4j9Akr6,50000000000
1vaja9xWjv3D6zFrU1pc2Zxh5tH55XC1nVZ4mz8FXZrvchL,50000000000
148TBNzh6MQq2uv3pCS3TgQ7ptBkMCri7be1aRbsoEeDrJHP,50000000000
14GNG3ezyWNQL2pnr9FRcnN1EHXMg5TmjHasSFV75pvhi1a4,50000000000
12e4HLq6sgA3DEeg6dsiWipCEEJDUbVXHBDSF68TzxQczPEM,50000000000
126WjixHeGJn9EifRn7MQvKR7awKxzMDwqNgkj3Y4QwdfkVm,50000000000
1TwH29vhe26Yh5pTw1X477sCECLznVsPHBQ7yD3gGr7DPJi,50000000000
1gLiZAQHdxpfB84aK3DFBzQRQu6GCEsQRtzErc4BjMzEStB,50000000000
1yLHJ7bAUE2eVSxZxd45mzPY96dHS5iukaTDURzwTB3SNKk,50000000000
12x1LLrsivjFb9VDsVqerCSjXVM1nWKQSs35wLc4YVRPhwwE,50000000000
13rzDhSjG6DWzQzwR96PQRVudL2ERjQMJ6ZZ5tgFzgPvTrai,50000000000
14M8C757oeBKWYQxmaDWZoE7mV3VwcBH4SWdsY1D2v11vE7w,50000000000
14rsksMnBnE6i7jEq1Hgm9nyk2UH3Xi8tjFBmsGfFv1iBHJh,50000000000
14JmeA98gf9RVU32rX1P9giGSKGPTF32iYgue2XojrUSEV24,50000000000
15zfYebRJznu7WXKXerU3abkx24TkjsLKPBWbXTw8zugsRQE,50000000000
14b1ZqFc8tZhhF6FwvPVKGonEo8GvSFHDh5zfdUBjTmERcy1,50000000000
14dXnrbMGGgDm8yur64ED2opxC6Zy6k2d2UWhRLkjA2RNxgY,50000000000
15KEK5k5oLoaHRBoD7PKkjsoQkvSqoTC3uMxxfdoygstmyFx,50000000000
15YXnTVoqSE72kEpeHzpjZ1hQysyn3jgx1Muf4HNFiqJc24B,50000000000
13ECkpLvHjzFJvKRJfZ6iZJrVQpsj7QkzZBz9XnCerWgW5ky,50000000000
13ar1PNmPB5bhA2UKMvVsx7UoXG2wx7BN4evBfD7CJTCoUmz,50000000000
14GajKdNXHnad3KadVHFEe4FnAn2Ce9vZ2iUqodEsSSeFe92,50000000000
12p2nyrmqKGZhRZxEPPmCdx27ASPgJ3d6AHBXqEt7goK2xXp,50000000000
12BpdJvHyPuvraXBcKpS44x8YS8x6zfRmVBrZBjpBqNuHPGU,50000000000
15XUMx72sGorarYfpMqr1c9cQF9mUebSYmZjLHeAQJHqGdm7,50000000000
16Q36hHmJFmjHN3UkRHJSENHHRYgyBpdU7PUCD5t96NrCEEw,50000000000
15wDXiBKsiwF6yraURcvy5wizp3VSPDoFQEoqJuU4z9wQgf7,50000000000
12W6MR2hVHSyf5bPnug5bpoKBzf7XeDsT38eCgkEPP8kXq27,50000000000
1U78Cek5Fahzh7vCXRjGfxkDXouNvErEdehTuhNRZCNGNJY,50000000000
129Rdks5qVZSgw8kyYv91U7Hu31rHXgTm5WUR38fydvXaAii,50000000000
14jBhjYwQrrFuP6psL4RRgKyFpL2T3dZN9aEdDoP7X3m4Td9,50000000000
13wVUoW37JX6LPSEA9SPQNgGTn7FdFHpLSfSBx4frqPVhenV,50000000000
15wzMetaZYEkwzRTh4KcLKrF6USiNxigp8s89Ms5UGpjVVkN,50000000000
15QDhG7udNWzYVLKokD75oU7J9Puj3qeJDHCRPE1poJmqsEh,50000000000
12xYVAG6pQUgbBzY1CL4tH9dpW3k8tPeGFUe7WX7MUs4CkSv,50000000000
1H3fNsDvocSQDrUz7DjnHmd6mFsGTnNNzWGb2cDvyq4eiV4,50000000000
123fKMBXW22Sh1QqFNWfbnS8YejQZZUbr1bRF5rSVyLgwVdN,50000000000
153KCQ8p77511GruqEqhJJGBF6m57J4JswHBh7JUA68m8jov,50000000000
15GiPobqW3LDKCQZQr8k4u9cuVoy88UViSLGSipbrZFV2Bmu,50000000000
15UoUrCgyha3gYQNzyFJfLztyXNbzDJ97JsJnVusrTDxUe8o,50000000000
12mhUvP7ETWUuYEqrdAgTxTavn1WXQbribZRVZ5FcEa1hZue,50000000000
13DiGhBM6QSCrL1JiEFCXHrUSz1wMbJAh8xYQudtgCUPzd3a,50000000000
13zciJLiqyKUakjmprm2NT77sgVBAPziYvYx8GC57KTsB84C,50000000000
121mEeZjEruCLfFJ72gG32cJYuYyA8eWGSWmM6pj1iFZ26Ff,50000000000
12Nh945mZc3LSZhBFaGZmkzk2An6SG4jLYDoN8y2jwLGxHuh,50000000000
13n9ErpuWYpfhy3i4VrG64Tb1Mv1morLQLUNYmUPVhzBB7dT,50000000000
15LkQqMhJ3UW32QnQ6c4CccnaFpct6qfTXqkwPU2KtyT9B9a,50000000000
13NahY8gd34BxxJCrhWbaJimKWYC5DmoB5dfrWD8UzY92YZU,50000000000
12U33CjKmVvJebxPXyhu9uJq2VQumprtVfjLt8omS9ND8BVu,50000000000
135ehdmpDFYDz1Uc7aH8HQ2mkQzpDLDTzUbnAPnoWR2NTyhG,50000000000
13msERBKSC1tvoCwNTNRnfG89kMoA6emjT2YkyVs7qUAVWFv,50000000000
12BDz6nkS9TUaSPDApm7AwBHKVDErLQW45KFfi8ArxiQApsK,50000000000
14NGwzX4EHe4dRF2ZMdryJg4zkYJDeG1TofFUBRjE8dyXPLi,50000000000
13mysdWDN3pYVNT6EihEGfjxWiB6S2RnTntNBzjTHUeubXhr,50000000000
13NJAn2MsPH3Y5qdMgKrHGHg7931DA3aaL89UYWJsHjqzHjf,50000000000
12K4xsBd5hUrvkvdEACv23PLyiSdydip3k1c1Q8jiACaBPtp,50000000000
13qVKt1mdPNctKjPwGndtkcjQ8NEyddNMg81o7pgzHG7ynk,50000000000
12Vk6jXR2WrNyqSwUcQi6zfVxqT4czXn555vLAXDR8MUNo9m,50000000000
12edCAxqgbR7pf5re1jHpzXpys3A98F8siH3YEvQjpEBSCyj,1000000000000
14TNraCwyi6UtExoYAxb5Qqa29pEyUJFQgNsgULgXaybcnex,400000000000
13Z3kD9R3NuWJmVcJqjyn29C3R9ZsmgZFjNN82QfELq5H1QJ,10000000000
16SRi64CzZ6ynrFPLzyLKm4UcBTVm2fJNRdUQciXfJ8zUoBH,800000000000
16FZDLZs7cwGzKQSViBTWbPrELQRbcqsLroKFeLw8CLFohMy,158000000000
14zfsWnwCTmQcKJw6L5i5QEk1GEjYAVHboi6PWwc6KSk7yri,200000000000
12KZuUma9qsijeZKhwMxyJ9hXoynQdECaMEkkT54wo1V1AHx,11500000000
13rbxf4j84BEFnukSnpQV2aSMKhV4fUcPXY6iZXLHKViWRp1,85000000000
13HEzq5sGKSK3Q9VyRYTESrpC1v8sekHUVEaAkcBsrbYocVj,600000000000
14iXwU1UAq8RoeNoViJgqYGksRWKPLaT6GZhykWX7bLxtp5k,150000000000
138cY6Q9GyxMX3cwHL5cdsfiJfqiGu3xoX4vyBG8m3weFrGk,350000000000
12NNyYoL8ViFMFBDVQ9XhSBT3s3Yk9V9YLuQgCU1D5JVSWNS,500000000000
14zUQ3GQqwQvimE1Jq93Lv7Dzc8mTqqtP5VphZNWgkVjAqLc,250000000000
13vgQC5XZePdhic8FESA3GmaE8vtWQ8D3ZFHyY56SbHuvwUu,500000000000
13EbsMFfQ5k6VTbqWwSYTxJ5PwBAYGzRJKKYikEABJAz6DT1,110000000000
14YqmFxmE6tor6Q1zrYzDQ6WDwNDfD7mok3zxbJwGQZakJNs,800000000000
14r7Dts2x36Ypxe3JksL9cWj48bDrNPKdLLMXPwmv7hovMf8,300000000000
13g7foFLvnJCxnS4JY2P9rc5FdKDpJiwcdSTVVkT21LNWh1L,20000000000
12uZw7YjoqKfh9NsRauydVh3Zh9UKv9Vfb8HEhGWLv2ZDryR,20000000000
12jnA3E9wwzddpShuFP3hzfj3zAj3AYyK4sder3cA1Dw1vSk,20000000000
16Q1xTCpEkcyps71Bv3Tz92gtHV2wnRQzQDAA5BCcAzugfbe,110000000000
15yYM24miUoKhLzy2UNNF8pZS1TPfnddr3JE55KcUeBZy9Dp,20000000000
15BBPwY2AJU98xSK32Lc4UJoAUDpHLZhrbbjErzrzP8SFA85,20000000000
16VYAo2pAm1Tq8rbdgtvxQjuT2YqKEnxVGH31MsWHf5bFWAD,20000000000
1WX3a8xPsnf9bF9iSezzcdeuWwFV1RpWwN3FJtDtP9uUmiH,20000000000
12Z2Eznkc4k6Hq374DQTaujRsBhYEyZhKzRY1uuHnUCjoFRM,110000000000
1uhhochhsoLi6xwsBA1BicMwihHw3yK2Mwe62qLrDE7QPQv,50000000000
13Mj2aVZZVc6Ui5QGr4jmGK25m4ngCSuBR6XXQN2KbChL1Xp,20000000000
12itwdzN6pNfUEqJuZaHe8jBhZMbeWUWcgrckEWenrFcnKeX,20000000000
1PHBWyXTjjpm87mwcYhFqok55ecsG6Qt2zEfYt3CUhRsqpE,20000000000
1q2iKNCxXcjS5cSHW4dnYQL2CXSm7DggpvZ4aEd6z76gGAD,20000000000
12rdNxe7gP6ESMnbopeS9gMUB1bSwu2SoQsweE2jrmdnCfg9,20000000000
1WDvJHcvm4A7ALiaEKCQnKLWqezwb5WR8TDUeAJyGEBNekH,20000000000
13KvXCNSXL7jjuxSScNztcTd6hVykaZKB3rRX4drMcwyNKUL,20000000000
13rojEfnAzL5uohS8fUaDMwfrqC7VZCobJBx9vRC3WxYj7a1,300000000000
13MkpXUmUSUdgWZMs9mJxrMDqyZuDgSuuWYaecbQPmvu15ib,1000000000
13xGiTh8xnqXtoGJef8NUt9ATuHxyV5eeVrE4ijtVaLgs742,100000000000
13VYYiYNJgMXUQv3D6HZ3q2dCbXL7hDNXC2FrZeXPsS2Akuu,100000000000
16i4AsQ77i8xP1oyP24JGoEwqKM9MNxUEhArJeuUS73hLELc,100000000000
133vSiU4cAPrTRV5A1hj6CfJ35rA5M6qw9h31J2gnxyHSew6,100000000000
1q1FLCUwHxbNGH6mwQK4TXvdLBCovjY132d29gUBPfEJnUU,100000000000
12xo7ar7MymmWShBT6rG6YwLpbCP8qUvnTpLShg5eduE2SDM,100000000000
14x1Z2368RND9RCJUtBfAEK6vzRnR7TwFAPsRochToaeiC4Z,100000000000
14r3z2SJuKUn4ejjodmKab7HJwpxjRB2jw1sZxtLU3RWHw1m,50000000000
16dTWRNnKVBigXTWEMz4FJhhkw87qrz2qWZwdLFHRM8qX9vd,500000000000
143t4faym44ehoMDEb9xu8fhW6bzv1dtzmZ7HgMHf8U2oran,1000000000000
19tHwsri5XXfv88BUgz2Aq8yjKbJKWLJ6GHtYvfNq13iA6L,100000000000
16D3b5Kn6VQTU9N7RimYovMC4BEPaXiFKqEVkFyU5ryuGMsh,60000000000
13jEQpPETFEVWt9L6QhQ2D8cf3bgJ1JHqSAxGgePAu6uPpp1,950000000000
13Vh15LCfPmss55t1ba8mFZfokj3m3micU7H8rudKKsTyLSe,100000000000
1ziysrPZ39Y8R6H4kjutimjHkNENRFKvycxR9Da46Dtyppy,200000000000
15XTsccTUjwWTi4RP72ngZtvQqbvU7jT4gPi6k71TBq6kADW,100000000000
13zznY4AiFsb7KqBoEJGDM6ydTmsvuoD1zMjW4xM27a1YfcZ,100000000000
14wS5QAAQv625MmCQa7kQEvoFK3yh3U77F97MgFDJAg6Yboe,100000000000
13mrij8W9ouuWMDC3AnD6anE4fzxxSvN89g7x4w5W9qCrX1b,760000000000
1ZRLEXpvNqauamvu7cxyCjBmUUy1LMoiskrmdKVRJk44P8F,100000000000
121FYLeXXW4vHdhZJmx8gAQq5cHr13UQFiGk4z6KkscBSwex,100000000000
155PS3uWQAaNhPnGTWSrK1nUX5YtDBAGBMUHH2obm8KsayPr,100000000000
1681Tr1VA5tzTvEc7tqy9WRNyAxG8kWJsWz4xqJE8y7DaLnG,750000000000
1shSxEavxxe91T33GhPqmA7qC7QnNRmgRMsP1vBYDMzSBZF,406000000000
15x7Cq3G6y8SLv8NHQx29jPnFWqa8ZrurVdqdApQxk1ZxawY,100000000000
13Tszm2CLobmY4i392eLewSMvHNFn3edwkJigre6jJ2ED6cH,100000000000
1EPvh4G3ZgCQHYrJPhqk6SqhPSkBbqjxNvhgCvvnM3mUkfA,100000000000
14mfYoFXrT3RSH4VNCFnzreZ2gvSv9xA3xVLxFgqvd9rMyiF,100000000000
14RDPRqtCMfFwZc5wk9hSPm8hxASGtUnM3hrRCZe5n94TtU,50000000000
1BdQRVTPqt8GFFBBCLv7qPfJAjBThULAddPorAWtnyYrBEr,100000000000
11X8Zn2MzkN7AZTrzrYGtk29TsTYUZsJYuPGFbMzcUUJaCa,100000000000
15tWUN2ZpTiCeHR2NHhLZGUxwWSyMbu7E124bUXsRh8yV7fj,50000000000
13dcsEPYUuwUkrP2r7P3mppmz1KQXnC5XZNoedxRJ9TVGNaz,100000000000
1248N8j5cyFPV8t8DZ4N4YS96DryUZeB6nf3Y53oSHwfKZ3c,100000000000
1555QZZy7JJXm25dqYDN7rTV75NtvJWWdVADV3DxVGgqNJgr,100000000000
12TGaEPbWbc5jdou7YkY4nuFxELQigZECB1B6jcSCLwXenVk,100000000000
14rVWsEBdJcfY3NVUiqb93MwzWnNjgZffsBtqZPB7XTpbH9X,100000000000
1556WtL4RRn3FoLEUKjr6uVdTmk7B792F5bv1wGqgVRktrEL,240000000000
13jQsoSL4msCDESPMJsGsXXoBY5Ub24ZMrk8aNmtK7fRYZzE,100000000000
1pTpKtq3ErMtUorknt66UNwcoQtxaUrV4TMht5ScXi9ejNY,1300000000000
167fnrqJPEm5msWgzbJUWFjZ5pjGrSGdX3Rcdp53Us1qD2QD,1700000000000
15VAA7UaF6VvqpbNg4Qt3bYUKk8EjPtzhPEfeK38Heu4eHVD,250000000000
12YJ2Yj9agH412QmRFv4p4KYsgvanV3yZCEC5G9eaikQEiFj,600000000000
12YkSJc5QXVR3V98rPVAXbt4DUrZYFA9usj6CKA6Sbvsu5Fm,100000000000
13vjPsBHN6YTMtppLG2gjdUscL4FpyUgEYYkgM9WVXjAtQ9,380000000000
12iwaLkC7M197ZEtcBAfLBpJxpE9gYXmwbxfSjeGPzd2TZr4,100000000000
14axwGwLzZhTMQrWoaakg4o2HyUa7wZWRSjtrepWSNXdScRH,250000000000
16a7RaAvZuQj9F411QiyXnYDCewxCAvLKJ3bjQbnjTPbZW1q,100000000000
15VmY56GTBxpjXRCeVr8d68xG5bLUSPVYKyA1woNwi8jEu8D,100000000000
15XQWhSfSdgv8NNSbct1jGeSsyC3DwXmHVbm7u4A2UqkEBf2,100000000000
158gG26oVQ4USmSJbSG831PPaRdUXA766agZqC2CBL7XBUMw,280000000000
16Wxcw85hhrrjc7TrUcZhbAAHtvGoYyxVaceGXyGcJp9U8ic,100000000000
12H9EMUCe5FvbcqH1QqEaeKSCLeyBtTLn2at896j2r5W9GKV,100000000000
12xte1HQK6JkcN4AuRxA4jqdYmgY5zaQAx9q1gFZ8HEUhYRj,110000000000
16cZKi2TRA5wDAwbhxyLJZqGu9rApQ3NHkA9we5HQB9qsDou,100000000000
14Jt4qzkTd8ZrGERsb8Nddd9ZpXzhn7NjNLZXfHtkz3CBnTn,100000000000
13wTgJ9mBzAPqjwwYE3ujuasKotEUsK59Eh29YWGkWDjXeDh,110000000000
1QyFmXnmhqh7z12wC38qLCgVvud26huRwdp5MURbENhqHBL,110000000000
1sJ4TWXoWwVD6gnAa8gH2WBDRGLUzCyMc7vMhDyP9ddLU1K,110000000000
13MpU3u1BWqvYtqztWyRr48ARA2GE5pMoySR41ePo5goebYf,110000000000
15kMgupJEqUZe4hu1zFuXozHaryyXsRCkSJLAvoGviCeMTN9,110000000000
1686HjmAwdbbTWHhDjWAca1rimRwLzcB4Ft1ZpgKvFXf3DNc,650000000000
1sY2hBmL9XbDTx5hD8TffuifETv2MJ7a9tB7sa4y9iEMRH3,650000000000
13T3nNbjZGgzgc3nH9V3icYrQGkVTDUutUk4LRWnJgEmz1Wv,110000000000
14Me4JaLjkBwKyT4j6nQCUjK2kRBAGY8RMFHMyCEEHT5SGEP,110000000000
12zo3hdJj6fzsBzQ6p6qfD6cqmue4pKnDz1C7RXgZ26WHYzn,50000000000
14maAPCxWLUT5Y5xj77EuzaRZMa6vyqUrF6mxMziYVs9v2GY,150000000000
15VcjHD9y6vGRpJFmRe1rokeBhydyXjt3cSEGrTNbFtkpp9g,150000000000
16PzK48b8ZnNwVPDFsuk2SMiRwvGrALbvoxaL934pqguqRuh,110000000000
13TZ9KB5MD2ZvC8pYu929go6fPcqWRkHtjdAsifACgdEaPpK,50000000000
14VMq4KTHDNbYsd44epUUv3f1nsSh5N26vi8ausMmVb3Pm9z,50000000000
16fhkwCjL18A8nDoveBLXjoY6EPo8eF9Jts99i76qXaPFcGT,500000000000
16i5eyFBpJwJ7piWp7K6TQxJgBDmJPeUiqQx5aiTuaEQhFNv,100000000000
16XyF2JnDsbFpq8uyrpkGtZBJSNXnFAD9LSVsYyYP6ZERZLi,50000000000
16UZUY4Ghv6dhvJvoKFFWTYarBYGA5teE8pKFgdHsqHkhTEP,100000000000
168FGTBhfgCgmzkkzLsnBoMje3R741r2h4SLVXzVsYh675Pg,250000000000
13VnjW4WRa2vAcNLB5W1wz8fkLQKPPXzVcjj8TALKREyjoqy,202400000000
13zAB4LD58WrshhusKDkkLac4fcg3JWZATeZN52bYmtryWfE,50000000000
14duLs44ruQfSaBR2grSEwxcrUMmMz6ws7XDunGKNRfWdVJq,50234000000
14KHVKqMwL9L3pKMg1e55wwYBCfhoZeR4f1dVAq3n6zuJtFd,240000000000
13CFrGG46Hz564rJ4Ap8f5DJ8Vig6bQCjhTCSWmX3h4D2WUe,1000000000000
15wQcV4GV7bE3gFdxKRkjqmQs2DNNDQRNwAtmSKQeUQDLQQ6,650000000000
16PUiHZU4yTpcYJhU7DWr4ERidmHYk6veUqKCY5X8o8txFRZ,3999500000000
1xTJy8kuVRAvLkKtFMR7VhjdJgZe1Bc28efD5EKYBjuTAEW,110000000000
12U2cFLg8CQUkX2jjmisJNy3L5MuL6Y9rLdUa5ghcJgFSEaq,100000000000
138wFUfBs2zKAkzeNFndvRHtK3eAKzhrKrWs873bA48Yu6Pn,110000000000
15Mn9nRTBunsAiRzQtLMDy1H1mtvajS9oH3R8Sj8DaHxmsed,110000000000
15kdCr51ecEroRP3WK2EaZXt846MjNskKXmeenpj3ahui6Rf,3890000000000
13rxaSbAm5Ag884qgDiq3uzvxoYodCjYmpA4e6xyvqyAkaFw,200000000000
1pf36Zx98XRtCNzLuWFz4nEp6kURLRHHC3orMUEXLEGmqXF,50000000000
15Xxn5oGaZcRx3LWZka4rRUvC85ZfFHvrR338rNHSRA5ogKQ,466700000000
1494acuWjGpk3aywWLdb1a9wArfjerrfF9i1ouKoWQ2snt7v,250000000000
1N7hkToby8ohfQFCZP18NxokSj6jaPVCrzu7yi6QWhxBmg1,140000000000
15gLdGbCZVgXSH4iFAk9ec9KiU7jAsvP4KUHJwoZHbS3y4mQ,100000000000
14Qh9DawGWmfHVh87SNRCpqQiUgqJdxpcFNsKFMW6SBnUgG2,100000000000
153gYqAePcLnJHTb8KtD3LEK2EfUQUVHWjHLKTLAEwQf6eUM,250000000000
16BAJ1DnKvwEw5hiXejttT7Mmubp9vspsmcJVQSaXGiLiU2H,100000000000
14rqYrK2HpwceYbQ4jxUpEUtwCHrP1KJiPyUiMaUuAPhniUu,300000000000
16QA5nJPcZ4pGUh8J58n8SL8toaeHYCmZDpufYc4voEorpPw,1200000000000
16gzd67dxUiqtdDhoNcjE4mMM1NJmM31zHTKjxsMw4gJUGn,150000000000
13uCg6wiNuNsPSVKTT49o3U11YYMYVmrwQ4m5HJa4DhdTEY3,750000000000
15Y6MoBwRXb7iQi3qiteJRhKYArVAe4iM2V7C4zGBQg8CZMj,2500000000
138v4XJupmc3NJJnZr3RMZfmrDKwesXk4LTvUn5aRHRtVpd3,300000000000
12YUU1NXsJ3y8mLDM8JvxFZQt2nai64LSLvYbfanv76QSzaA,400000000000
13n1dSL46LxEk9Li3XEovHQCdswxfE7yqQbjTWvH5mHgLtNp,1000000000000
1YZFzrqB6xPio7xPLEHf5jRN6EbmgSGGxXsDkYmTqeuiHZ4,350000000000
15WvS7rTZ384MJi97DeBBjpgjFB5XxhzQgh3Hqny6LTGRbNg,900000000000
13TaDJk39DfBje8VE511cmYHRbYm6XiKQX4zPPc3vrfchzug,350000000000
12v8mKjatpXW5s6qe3ffttBCkWLt3zeLCcYgyG9h7Wk1KDy1,300000000000
15d25AHmvSjjADmjCYS7TpN5zvJHSjFh4a2kQH7pzCmnVT1L,340000000000
15VqnTWMSYqWHhoggHdLSd5xqG6PdFtWbRLwKEMuNPi7vsT8,1980000000000
13TrrnAhkEM5cf5jghhJN9u992jVU19TuPvfpNLvdjvkBpHM,200000000000
14W2ZCPE1fveSgFm8GDwetPY8ApGKmMvmQiZP2hQ5q1ZGWHC,100000000000
13BXqGmBfD94JfnVnqF35ExMdh149g4wuc6UeE7LcNmJpETc,100000000000
15w2bN1q7rAQk9vezxShTJfn8pAryPhs62k5Ykzz3Nt3XzgK,288400000000
168Tm5RfGuL2xy7DPyE2PpynZmWUqZPvwLqXFerQprvr72R6,150000000000
131GFToTUewzXonYEYKkgUAdtqn9ooUjx4qvQ4kLWEpGB4Yc,100000000000
1A15CyTuCDoT4Mg7beTWiF3eGcpRQ4wpj86e1BaaSkV5VbY,50000000000
164xVJn2FsWfZ9FasJwK7631nnmiUmwKjJk7DhjjBWkLEZrb,2000000000000
15PwYqGaViNzNyAuXa3gxbKNabgYgcsXeFcD12G8VvB3TARG,5470000000000
14QVZiNuwvmsX932PAPhZEENuQctre3iRsmDhf6ssRzRYrwV,120000000000
1214d952hm4PuBTny7U7LnK4nHCDHw88VhWrLnVEAuNDS1Gv,190000000000
12bFoscCyEy2etopf1HfM4akUDNUQWuCGFtPyEB85m6jSCqx,161000000000
16JzdgsPQYqeEp6wgg7gS6gxQQuwfEQxm71znYKSb4BwE62K,590000000000
1WQ1VbHReziHn1EYwYsVBQyZ2rnaC8jDcFLRLvHQtbEKJKx,50000000000
1684FKU9xmcJuCS7QSLdMEVjkqBpjop62D112TzWuRypAAH8,100300000000
1xputN11g7stJRFNLuubGFrhsb91ivbebHqmBxqRLpUz4VU,90000000
15dTCte48sUs464L9R3RSRqxWx9SGwjfRsuEa7xLdQoX2N3G,1488000000000
14DpM21zjKbXn86mpAjtQwHjAB2ge5ujm17xhruJMrQUiYo1,100000000000
14TBULw2WdWE3VNmZYVnAmDzxRcHjRg8RqEiM5RkAkXuuevZ,540000000000
1VvSV8E1YdFobURh6B4tWPcgceoKqE9j8UvfmCAyu4tMqDC,1250000000000
12mhKMZMARzYHLPzywuxiLLuLJViFwvVW9HFMMRSZqbPw7mY,200000000000
12meQHHa8HSm8R8HFobPtpLRktcNHbWS7XejRrumyoZPUFA5,250000000000
13R2QpDez3mh8J9oxoKE8wyMfrnTxE4JszK44tV4ABBuXSSu,10000000000
167xu5pnXE8ioReYbFTPc2AEAtESLyeJxepb6gdLFp8kSQGa,100000000000
13pmRCn5Gf5uoDF55TWwmtGYsHyyK7u6moqBnsk7TZ9BSHE,50000000000
15o6ykjPKHgh7Y3vZkwNU9bfSJgiSB4WTUtBXbM3e5ov54rR,375000000000
15qf2AUGnoXhSPHahUSav7yhmdECXrFGyLtp2kFnpB31dJvY,300000000000
13aWgntX51tNrera3RvvUL8DZsM1WqgkeUc3WBq1H4BpLx3B,250000000000
15DuEa2QwmFmCjHmeExSJWD7DDRTPJEqTJbvW9AVAa5vzXZf,728000000000
15vuxxazf64ZjK8T1fsERrPKRqGbtf3BW4z7SFnfFLiEJJjC,50000000000
13wY6wjHXm8Jja2MVLer1rQTWuHMVYFdF2JW78owWYpGXNnc,188000000000
126oRBEEixdq4bQH2SKkk9feCkYmsyxtPnwfWMKupkJv2zJk,300000000000
14ynxGnekqHUPNb8uRYz3XNhAwzmRAXEnQTbiD9JArmZWV6P,200000000000
1CbgoFy9mJoTfdBLuJBb55K7uL8X5jNUAtpC3gNSfYCnW3Q,1000000000
15VPKdEZ2RXqGqQq1i69d1pdEkPmg5Uc7swMY53TZaUKbGCH,130000000000
13g3xycbJcUgXoh5V3Jog4g9y1GVHQs3Lzqi4GR52V4auYJi,200000000000
12xpG48JFanGq7k3N1cfCucyQxCYMX38S3sBX7RmGrApqJye,150000000000
16aj9P6kyRnX85YnSBA3EcC7tJYBKnTtzuhesbiq1G78XhqT,100000000000
13amoHPJFpr7hv2zbJc5dq7ceFD3FkrmYvSL3yMXZiko7Bco,39950000000000
15BBeKtK5UWjzaYzoVMTTkftyUMcy7D8DffvmFxdEeEEhomw,100000000000
123UcmBzAf7wnBEQq7c8YU8xmX96SqaJG9P5MeJvDaSBjJo8,100000000000
15VmKp5pVXrReyhT1rF1X7628NGromKSBZSjFKL1GaDZe6Mg,100010000000
16Ct3iWSDc2YYcpRXJXyj9a6jwofX38sAzsronRZnXB6pDmJ,50000000000
1zoBNvqaBk2Tc4ApsSK6uFh2FLShDFpEpxh2BU4N7LLMjGh,300000000000
1eYgZnr4Us4oGpxdYVvKxTLVZsuHpbBBRAzZW9JjUMFYqwV,100000000000
1RzXnzzmczpNWeZn44YSmYUqUTHFdPsBAWWS3DcusPXyWpW,100000000000
12rzxoHC7kudpksPTsZN1KiFYcCkcArkjSMtiEqndcXVstQt,100000000000
13RzxAo2JTpLaK1cka1H1uRmHEaukucHtFcBK3CmgtUjnWaF,100000000000
14rZx12oHe3QJLtSCKcXm4PutoD9Uv39sK5aXVM4TocxwNdB,100000000000
15RZXu3aGuzSZ4XKkZJnkthyFBcC5Fc2Q96Vbfqa7uzkxWma,100000000000
16RZXvF4rtCxYYyD7FaDWdLQgMCQ5s9KrGgi5iBmS4jvFUTw,200000000000
1WTsr2CSKEuB4skErByMPP4BEzKckxzEcC8HeucjU5Za4nh,50000000000
14fUoMBZktDUaREBpyFi1D54qtW6tFxbGAjVjpAxK1egQ4JD,390000000000
13ax9G9hVQW4byE6EQhzrvcTKv9Rw1NDvWwb1Cyf2LRWSLtt,750000000000
18uBm8DQBEqhXq5C4XcZq67jq2LbYV5veEVzWB55v6Xvzjg,1477300000000
13dNQvsLBauppddEKLyoDKVoynSroDbTfkoPUwmdDYPhW3xn,800000000000
1pMNQmw1cnZtZuF4ttUi2hxZYHa3JhPZXcGxitYKLBfA16K,10000000000
15Sw1q1VC9cymVxvnbh2hDu3x1bKccM6LropYTF4LbG6Sc5F,100000000000
15FcT72A3LvxN6kKkVfeUkFk2oCHwtvyJf8Ux7u94NNtbghc,100000000000
13B2Hy2WZUsiWg7qHawPYHHwidcuzaLsUnvHARr7W6YZrzqU,50000000000
129B73Jyu8sEG3MbpaLX5diETr5kTatU4HTpkHuYviHej1VH,50000000000
15kje2XzHYJo3ieqQYMJThRcY7NvagzxBWGj8PvC1s6cxWsb,100000000000
13gsVVRQWQkFFupWmjgDcxVHx4edHxpe2yfwnz1xLJVNXKes,375000000000
12Ku1h9uRsnT3kzGU5Y2xRcn1pn9wfAw8sgdsNWkP6dYZGru,100000000000
1xpE2VXqMpwGNX9JtM3oXdqcoaZB1uNU7qiQ7kXinsCt2ik,100000000000
15JiVLbrzKW7fGcCkMp9zEnGZRQVLKpRrXEYCUjZnjRBQdep,100000000000
124QUm9gDMcPnJ7tzNHgJBTjFZivdr1CBsWZ7dZHUdnMUiXb,150000000000
15kTPH6WhNVZrxT2j9AYTd3Lm1QmF517cfNrm9zieRKdkiJq,100000000000
12jLjLuhVawjWgG5QzNwJ2YvZpoTtDKRahgo5sEj3cf6nZKC,200000000000
12ZHgtKcteWD3BRadET58ZKJicA7hwRrvrEhH5FRcy2RGxHX,100000000000
13b8AXthfFb9v4AtTKkfKHwnvJjGQHPFzMNMEyefDZsuET8J,100000000000
1RZXqdDSRosRkSrrbKjZGhMbG1RYLzkNXb8JiPncQTcQQxt,100000000000
16czFheEGdXdSfxHNj7AJXEQkE7fwuxVzt4qhYbQ9a4rHq6X,510000000000
15g9AjLmMxxinjG3F52ELTf9FrVwgmMXTsTorxS8cWdPCs6J,50000000000
13pq6PZPPoZ6f6bCVHJkJcGyYf4pGFprzxFVTGDPUxfVzHUo,50000000000
136RTRkwndvrZFa3wo6GDbWmPzA9QtDVmVFq42M3rxCMqmhk,110000000000
16X1BiyVAM6v23sD4si1mkJjZCj3UM49GZ5xxFk2wG6ZyCEJ,200000000000
14W4SoYfg14MJk7SVky8zP4kxyX6LmhckSrCLHsT1jcbiBu2,4980000000000
14wYNEbTWNzeW1ZjHjhvp6eFD81NriTmeXKxVpSYA4JBiZ6P,550000000000
15zV4C8BpoLdigVoSVMBGLCb33xAsQVcxoUrFZb7QYg8TcTW,165000000000
12Gi7M8ZC9b7vKPxfSBcVeeRoNSJWs8WmYoN5V5skopUGvGb,234000000000
15aSyFtvkkXZrXd3HQ439HVubhXxcRabvvbQQ9njL1DNrGPG,70000000000
14maKSrd8YDbASWBMDfsV4UrohtkkyoAHWr6cF6vhZMNYgMt,850000000000
13sH6GsRoUjrgHTGsPYA4cjiKKWvjPrfmUbfD7sjCczvRZfN,100000000000
15gHYiCPxYg9e5JbDfamkEYe3vxr6DBFLEno6yywM1gG9HJk,100000000000
15QNZaQXBjiMbJH1LLminNBWFN5KwaZprtSxnSxixA1bmBBZ,100000000000
13b49LZchxDFPXC5Jt19oTy7mzvUJknsHDXcJq1jxMNPjyce,100000000000
16Xd4ahetzUhXsQAxrjV5NrYL8Xra35h7ZXbFjkFXmJNPyFa,100000000000
14rte84TcDcGiNyGpJi5se3A5pk3deXAGoKhxdUg9Zory6Mb,100000000000
14Q5cJbUXo9n6saPd71RKwrG5S4MBYwWmbGGaLp65fdiWJiL,130000000000
14uKrA26rx2HVzsFjQsCenLUmkK59bBVSK543GgwKQVM85qq,981300000000
13b5w2isfAuU3kLbs3wiZ1sAzszWbV5tbSk78aBQyPZzKEoc,780000000000
13adBSWtMrX7M7Z4T63YPT5N4pcoxzQcR7ChZbr6RAxPS8kZ,400000000000
15XKi2vzQMEzfw89k8jbs2bSc1jUVr2Jc5TuwcpaebbLoUiH,165000000000
12ued4AL6pBVVHhBjWZMjuZPwHeQKY1yZHZKT2NJxftJWrGa,90000000000
16XtHAccbtt3pqcL94UZXus8Bzk5zjXcrhosePRYrsewe7p1,250000000000
15crN73z3B1DsnHBnpdXCC6hchpAG8tTVFpSKhMPrLCpS3oc,100000000000
15QJinsKA6mSmdYNb4rH6swPqRADeNykYcqnVzeDDc9PX3hz,215000000000
13ggFAUw869cQ2JVVuAEMqdoRBov6cyJqpJkqahHq8QH8Y4N,1620000000000
13KUtWSjGnWiCf9PRnZAyM8acdMRa4SVpQSZELoHhtcarvTJ,50000000000
14gQcrZb1jSyiNp2nk9cd7oMnCEGfhS993zJ7mwzdmsY1ft3,100000000000
14x3rfRSW62yuFKWmrGyXNXREJx6Vu7qhNQhXeWhJhsccihX,150000000000
1566iJjVzufecbLbQbyhni8XEBrsj1q1fsioKyVabkahe7vz,200000000000
13avFejrzyp6dkUDJQSmuzuMLs76DC9RDJA7kSQT11br1mar,250000000000
163EnVHuhEzwyGLbNsfke1sgVN9iUskYF4fbBPWA7DasYHYy,10000000000
12hBZtKu4iyL87nz5vQFTgeB475fCFYmT779KsXPHoafxztZ,50000000000
14zPpRZjerpz21b6CR52PWSDR5yj6zHK54Bhmv3Nsy9zfFNE,4000000000000
16MGTrQU7qtT3jJ79amDsybGFYS9BovUSN1naKkPaEQuU5uP,600000000000
16At1KBxG3NM4jtF6c1P6z5wZpwagTR7dkRoQpkpqFzqm7ML,1000000000
17RZX6f7ScZCvbgCRF9AHrvyzTtnCK1hNEFaz1AhdahDL3a,100000000000
14YhgMkfBy6AnuPm3bvu5bLH8b7zz2PHr5tmLzV11PdEJ6A3,200000000000
13Jtjp6UUbnGsLTTjD5HfrcDcacAij8tyJ7RVSms27Ympn5Y,1150000000000
124ZU7NzsEsqUw2gS1JPtVX4xK66X8vfQ2oHrcPFjFe1cQxS,100000000000
14aHNmkEF9ExA146yRhkYUSBfQvWYiHk7hRaDu48JwBmTCVf,50000000000
143viU2AxBZGuEbg2gozS9SPC2MwTLng3jVtt2oFzBWYDxut,540000000000
14H35Vut7PhsrUPanMegULr2JM6BYb8mEE7tfRoBtr4oBEoS,100000000000
14aXpPCMBr74T8qK3YA2ED3WhNsxJQ9Dk9JRGAfuMWZgXEbG,4570000000000
12QUJEfm4dQYQrvm2GDN111bvfNwwyNooG2RskRxo95SGqkY,3500000000000
13TMQeFoxbzdt6YeQSTZjfCy5iupfHng9watyaxVVYiXodAW,1190000000000
11Fs6JaEo9TRfjS4jUbdSNVjJEicvaWtJnMZ7BaYLubnmgS,300000000000
164rH5zF6ciatjJyLqA1MmkwP7ywVdwEa8UuJhf4vgTb6irF,200000000000
14fTZfHMNpt9oVtkvk6LnQuzaTjxrBoBD1eNnxeEt2vNeZbb,100000000000
12GwgyQghQCfoPPekddUy76upJpDYDy7dPP4WpKS1RbuEeNH,650000000000
1mvXraeUm7gLXcXtfRFUPXhc93p1LxPEAzFHQ8snsqUEhTG,101000000000
16VHzbEmken68dt4BiHXwf4nQeuJaoyeyjQRJ3BY8mbKJu41,101000000000
1Nqw3n2C8NQ5jsngQLNg8eqGMJEyFmkqMSicjPyJ2DNdLxK,120000000000
148nfoTKWExKNtQ2fitE9M754JWN2BbV8PDqz3LPNuCm85GQ,101000000000
14Vc5moNLD9EuxfeVAqpGmUjq9xrEAJD6eUbuX5yQVDNkT9L,101000000000
14ayLUqogFzU3HX4SNcsKXgtV6MWiZCwjHxx2Z5sGsHjeMr5,101000000000
14zgrp1NxeZVKMABvVN1YaAZwEc5sjb39A7XxttYmrvWGSjG,101000000000
1GwipmcayiqZFkenuLc7zVNNeGBwubstz9njnbMUDQ6BC63,101000000000
163JEedCCTtZSHden8AQP3U1Hb3MSawKfAWfhhFZ4EgTtn8M,101000000000
167egoVTQnQQ7C94KCurjHd6UXY3Xmju5yekJYyKNHoKTPCQ,101000000000
1cFSMx9smE72wsSeGxv4THiBmFzxKRn2eUcxqwvEAP5ZQUm,1000166000000
15G6srwhHuiB5L615SwHXeLDsuSKKYJ6cVPo1ygbcpQx6YCV,1740000000000
14YjspC3mKtuAXkVucsUfBQ2Xj8YZNNwjUEiHRE2ho8Gq3D8,180000000000
16M95meMQLuQWvVqyXKhSzA3YknhpbEvEUr6U7XZ4zruoKJK,50000000000
124UkSAZrKmW6MdWeesTiB5xVfRDwy6gkE58tEzZXebefLZp,100000000000
157dke1fdqJprupmmRUe9bHttCrGa6Eq4A7T8DFa2uApiw4D,101000000000
14G1sPWGvbShPvTLxbrRcgdyuEnJwyGDBsTnPZwMtPJdT1jS,100000000000
15QbbE3U1apAzNPpJ2tVbX5d2VTsYBj99b663RgxSd8Tj8be,101000000000
14b21iYpMrtmn6FTcMMajFSmSghMmPZVmuKLWM6MG5nUVaYi,101000000000
1HGE2osUJvD9G44gG6WZmbpgpguiGeLpFbDkmduG3Tz2srK,101000000000
112AUqNGENbNzuFVwPkWfMvCNPWmAsVnLbRv748xVTGnr2z8,101000000000
14bSnKJgN6N8641pC8mvgjPKnvVTPeMpJB7hgGJU244ASrDS,101000000000
15Q7AmVFXpogKZpo2pM4Zg322bzHaP8imQXFKgiKA4qR3s1J,101000000000
12T87ZuuBBmrgw3djkpcyYZpvVoNLMvpZPiEQjroF5gnEE6d,101000000000
138XDjMMxZUdD2xvyKqvz9aTEtHvmumyPM3dtLV1285jtBDP,100000000000
167s9QfcmqkyEfgXZpwPE2aRVcoVtUXPb1upKAK5vRdodcTD,100000000000
1414EtRr2Vg2yEG36qb4e8WndwgzgnY1aEuSUqcjUYASDZe,100000000000
13wsJKTZc1wqCLLVXRWAeMyXXZfoU8VD2fKLMMcS2fjXCRFQ,100000000000
16J1owbTaPjDp1MGB1sWjxEFvTX7nw9vAXQTjpi8JGqP3oBN,100000000000
13sL5TTVnbuzPtXRCiQppygizcE86DW3vqjH717sCLxuARZ3,100000000000
13GFyskYzgBnrNCTMnSeSCBBQ45YQFbWhhy1zpZu8FV8bEGZ,100000000000
1NnKrxsbidxbaGy3uAuB1azUiegNH2HiM5WhVLgitxoJCid,100000000000
12E6AhuRvj3pPmQf9PH89CmURSejaP9NMt4CNSGi7JaYGzep,100000000000
15dgySKnnkP9FUSyBzCiyrTb8KT6c4hc49hXNtK8ozrktY4q,100000000000
16J7YgP1actkWbkmXwz3do78DGNNa4fR24yoqSSwW48zrUHW,100000000000
13uF8pdM8f3mUPKg2o2p8YU1dVx1HnCtAk2sjTtswVJZ9juA,50000000000
15JAs2NygZpzXtLQoBJFh6iN33QVrHE9pW81MJhDmQdYmGXj,150000000000
16MjQFRgFxtimQPmdNAYd9fwLPsQHtFCBk8n3D8C2vzKY3EF,390000000000
136nwupJ6xhvKeKHXB6cc8omRp3948N6Au71aWfUY5nq3Wao,100000000000
1KvujeCGS98zo7EYhS6spdc9os49XwqejWfxjhb33Q9q8ro,100000000000
13E1h1Du3wTMyMB9Btyx9WSg5vikiXkECmcLz8mSwm6NM1pV,100000000000
13gyvAWLMNwkXiVdu4XWw5q8CEHw8N7VgKusxjwF6iXnr5vq,100000000000
1NWhDTcWrA3Bt3dMvyKkYHU4DttPjAPmdTU8P21kjtDJwjk,100000000000
15XXA3J6siogGtRW2eVBenm8zQFXvfrmEEowbZRVw1TvB8qo,100000000000
16dK1YoCDoRnLiBnovGUe67CBUNvViF63QitvWgHcDwyS7tD,100000000000
12p4Su61w1xsaKsEzvoMf4aYgbxwyv6oTeK8MC6yKdpDAVBS,100000000000
13e4LtNZtWdFAGj37cX3rBD2ZZFQcc5eN1MUUNLszzcmxTCf,100000000000
16kmTssL1qAFPnQ7vLZSUKWtKapAJUcAHYG858tBkGbUbK56,100000000000
121qzxfhnzNA6S4sKQpCkKuLAuSBmYQaYZcVXksNRSG5LYwH,100000000000
155wQugP7sgCeUsEynxcnZ3k4N2sNPrCa5XNVv3RTv99TQn2,100000000000
13urqiQZEDu4jywX38BfKBfLQSB6Fy8k5HXBBUDVAgYaCvxm,50000000000
14JS1wosSYuyEsdehhe6EhPtjqwQCGU2KTL82UvbMyxyNi85,100000000000
15JSMRHu8zG4zDPe7JFfgKCF7H4PMTwV1YRyRyUD9AhpRLZr,100000000000
1py6p8yvp9DnzVmpUVrZeL8fAMD31Zpg5WxGpAmgX1vTFph,101000000000
1YZDCfJF54Y7uEWDsLKKZPbo5bs2pvprZzcvR8PpmeJj8aJ,100000000000
16VStYYqRio9gDiHEqzsLXEpfU41yuDj3m9SPSK6SXEKBNhy,100000000000
12NT3uVNReVYzg4QfCTUq6oH1xCnYPXwmAHL7BTxkibBnMmt,100000000000
1eHsK7E2CsSVvNd8T625vmcxt19sF2acUQLPZvBf1H4pHa7,100000000000
13z6Xqbu8kadvqLBQwj2RXqduMfYQ81dRX5U2CMVh7kwRZGn,130000000000
16JSX1YhcXDFwstUakgSsaT5CWcDSCJZtRjmGhB7Pstco9Gp,100000000000
13xARadbNNAtZ44MVxsfjNi94sNhzEtwrmPx68nZzeyU7yAD,140000000000
12ZDKhstA2QaM618risCY6raV66gjGrwbpffrCNuAMEiS6gW,100000000000
14rjMi5MgExN14F1hJyCvBv8H8UCb4go2FpqFVwpXhkQp1MJ,800000000000
12Yq9p9a7JkcqsyRVwU9VVrGW82vYw2Bhw931ud3Zdw1J1WB,151000000000
13g1AK2GgzU4G75QBLg1orZmB6AdpLkDYRRZu63Lh1utwbCD,50000000000
14Xn32jAJ7GabKbaLnxgQMMn3Nkrnw2PvJzY5mBwFRi5zQ5h,511000000000
1ZT9WZUD1GUeTCAwJRsL4hn6c25YkXgrpsBmtkKbWgtPPpd,1500000000000
14khdcTzAQEdwABooLuFcytidoux7RKTBEVVjmzvWfFDEG9d,600000000000
142xyXS1ndHmWjD1ELsqcFPfkwAiEphMA3a3g8VGi8kHqAVZ,220000000000
12KbgfbghKWAf6upYeWaMxEemBvwLmmhwP686YpEK5vJmWH9,110000000000
121CqxGinQFMR3m4PKQLuXF8iR7uBrmUqRL52avT3Zp2VKAQ,578000000000
13Swu5BFwUiwZdWcneoh8UYT1SJZFhPrTE5FxsXuVrshFpV5,95000000000
1vLrDtgYojAXyGT44nhGUoq8mPBdtRstBN9RwuMT3qrtx69,150000000000
1341HbSG34bSAdMH6qmQ3RA5aK9Rf6Bv1svr9kNqQEwP71LD,500000000000
129Mnkzthr5MfAqPJXMiuwQgapj38ust4RbYV61MpyCEThe3,190000000000
16cMvNYZVkqmn6u6XUMKPUDA5LBVqD8c5hVH1NGo6jGEidqf,50000000000
14dvVssiTzXe9j9A6xMtniaBxEcTswZzPydwLH4Jh8WniBTQ,347500000000
14dgpPnnKvzwetUPgTvWxvFJsEgfEFLbJU2kaEMpS3eLR9ju,73000000000
1stHkQMa61kbBwkLkf6pSKkCg1v9zDfTx9wV3BagoQ8PzwT,30000000000
16kJ5CwEGMcpN4zpZHHncjZLcoGbzii3MRFe9bUcPrSxM6ab,5000000000000
1639fQVS7bHqSPZBE9DtBvMzjPQasd8EWRM86uKz4o8YPoEP,100000000000
15S75KTQEf4B7fW2E3sbed1RcfyxCzoN3bjpL2uPkVGzViDA,350000000000
14QdADP21b9fpZDu36wJJAwpNPLVcZuirYvjv37PUCBSf8UW,100000000000
1PC1YPGJrs5HtBVR8p7GgYGrc6kkCaCiPeURLnxTFZAjVHR,15000000000000
16fVYCCEWrQpyvgwNtUjN8QbHCv5u1Rqbzoj8WADY214tzek,100000000000
13utsbk8DrRX1xZx6xb43jMFmJnmGDcggfEGnvVMeEWsh6ER,1017000000000
14zXJeKZ8SDdNFHHHkrwUQtEBwqrLhwv9Aa48Rw9rCPyMu2z,3493000000000
15VtaxDA85VqW1Q8EGdLsE2CFip5eho8nqogzQrVxmvXQgXJ,410000000000
143PgbTBL8xAyMzNwKP2wZ7KmYNZESYQhoFTTZXh8NwNaGze,100000000000
15ocCkrFfK78cgSjaBmP31F33763ZhGm3hDuuMkgcdsrtw85,470000000000
16WzrFFPjndtamxv5BzifaXgTSV9RejnjmG83rcYQxQVR8MZ,110000000000
14iDAtAmNDTYT6tKeR4eKLZgoHhTuLJK3dy71mR8n4XHkvBR,100000000000
13dpcSVZ9wUjKZuTuHxPeDQ3AhT3nDMYSzBNRv5kAzkQ1irA,50000000000
1RVmxAoqygFWweV9eMG8RysZM3HArHf2KgqR7bYiL4zpDb8,150000000000
1q1M9Qm6ECZDaknQjdet8kNdbF3ZKbtNCNoXZzahSwVqRG9,4500000000000
131fjLR9eDcpYvSQXeeHqe2qxk1rmYkqdDn11x1J3KYa6yjN,30000000000
14o46rLoqbGjjdgcistW8tHnpFecNBSfmUnFxHwN7y1cn8C,100000000000
15uRZ2L7hUGChw99td5YLGLKzgJFh5VEuhrCRyZ2s5nnLxYM,100000000000
1got2QxVB1mdnWHZ5onsNaHD7u8R6G3B9wGmC5a43iCXHjr,750000000000
13GSY4enAfcs4E1qwVGEmMu5kkpwA95Ce2cVtPsx7HAw64ba,50000000000
1cCoZmvDSPpuMyUGaWpLAc7hbFATPBr2EtxnFfsFQXVv3F5,450000000000
12sWWHvN4vgmLv7NTr5ZDctv4x1m2hKLYwkMq5rFBK48QyBF,280000000000
16CzCCntuCUomEMw5srdeHVNGQUci5vcs8pC92Q7eLcNNJ2i,200000000000
148FU3NajL6zLtssbMEG9T6qojqVf9tUyVjEBTQNy5XEoxZu,100000000000
1uVCdZ1T5Atf6Lr1A4LeLbAKgu1uX21GbSR9jmvc32pu9u7,100000000000
126jpJ8bGm4wmhYAHreYF8ukUfk7k9yW4YCYTxbw8ye19BMW,50000000000
1eaGydL3K8Mpzp1KAscFP4Hp7MaEZguRVg8J54yybmvaVtz,1000000000
14wMyfRsiN6erKDigwRyNk2HXoUHG1dv1gq2q1kf2oVEKLQD,99100000000
14DytPZofiBvs25Q5QDHt46xBSjZj4vZrc2eZrJsUPLnaL8b,50000000000
13iQtzUA6kxhZo8tzDaM1aDNXa2RikmkPA8mgX3hr1Z78Pj1,500000000000
15hpUt3tXmTvJzeMUHcSvotTxQGLe9EwztfcA3gkwoe5RNwv,10900000000000
1xJx4ks4S7aSarTJrP7m2BFYuWBr2NhTQdq35BsD8Fcz6Qv,2086000000000
14KFQCZJxm7vs7tcvx5Jxjk75QUsdVbhbftj5dBem1n3UMK1,480000000000
12ThMzyHoFB6rxLVWpGGimkrCrThizHjMen5cTu1JFLnkkkh,150000000000
16MiSUhyoEgDcU1i4ntK17D4HUv38nu4AzK9FamkVeCE3W7w,56900000000
16FKsh9CgJQigbYuz4tr6VwoCAB9nQn3cA8WnS6jot76H2G4,100000000000
12rsDpDAwRNVxCvKhJeaxGosfWEBnDvX8CD7rDfjHtqe33Jk,50000000000
13wqSERDF9PFLBWSvYVgobx1k2fcJwquFH6awecATK8V3yq,50000000000
14fTs9WTtVJHifZ14pA5KDjzfFVexsiYbsCsFjzsRQgejLAq,50000000000
1xXSaJ9NjF2YvLK9FDxAw9KVsSGotwrChvQDtqRgFcQJj5b,570000000000
1NyFYvDUi1L9ehhmvEZbAqs7xCTwwtggqfaEa2KEToFc9GX,300000000000
15oG3oAkCCMYZAtXN5DAUHbwERcit7dtUXbh92gGbjf2MPC1,150000000000
15MPocmqok6aGCh7en8AFRv8jc4ZLZjJQmUwGbDBjw6Qitjs,2600000000
12NN7VAmQeypRaD1Gb68gEBKwgsHt9Hrj8xCxaJmY7ekeYxE,100000000000
15ro7AhPd59eat96975HRNYvJ3B571gMgruPrB6a9MLpF54p,500000000000
12uSHc6aL8KNrjwz6roSYmnNnBQECC5ucUQjncRKPcXzm6SH,679900000000
136hsa5FbtpnfqaUiti8nd8H18LyvP2LL2E33FCAL5M2ezug,58000000000
13dgXhxocELkxRLyFpwbdo7poNE79DE1LRLqqPUFUE9w3Hp8,1350000000000
15wemFNBwWKBLagDWJsVLBDe6qG3zgSVb84sfAinwCUdqiSm,250000000000
12sQoNjBx5yLCtXejVbFjCG78z5H1aXHBTxnzpYLCsBdZjD7,550000000000
15FeRgkQdryY73j6vzvptZRiufJiuVNFxURT1kzXKrRBZmH9,50000000000
1Vsu1XkRh7sqWLTsap3hZz6fUnieZkA4xhapNFnhG2d47bd,182400000000
15mQ4pWRcTUWqzbFnLYbNAV8cmiVbVLbrpQgXrBvRQRL9U94,50000000000
12gcXydbALZzM7dorgS8ebawex55YpPwvbReCEATeyaVKVmd,50000000000
16Y3gMpnZTPiRGNVvRQDVdsAJqescU1MhrxqTh6c5L8DNe7N,50000000000
16SDN38EYgSLThgsRG9xL2DAKtfWBpqEPewJSNpNVUJefQQZ,100000000000
13DnKK5tbHECCskedNQY6AsRhHjRK37UVxjawbhvBe9QtjxQ,800000000000
15XQ4RgWAGVcXeb5921949FFpCLt5LPs6AFzh2iQXw3fCoh3,150000000000
15uSby3Q2qTxpUYDem6iMRpfVHhWUjFcAz6bdJ2FnJFLnpgX,50000000000
13pYfDWuqipiBLtbNeAmr3e7BV2QJKtvCmpX6C2KdCY6BtLX,104000000000
16ZdEua8MnqpLW5XjYt2zFBcc1DNruVgzssqsihvrc9Hru5v,200000000000
16A5cHMLKFWj37MGokVRp8JXy2Yoq5r6zTHgLhoorTE51vfx,50000000000
13HMX9DJ6jBz8u9hKaQmuz558dJisCGti3MyftPcb2hwJurr,50000000000
16ffUWpEoTUjM8CMLqLuDSDVBhVHSGvzskjvFqJVSz2CCi1h,50000000000
16SKqoURVN1CvRj8nQ7WVsmNmj4V5QBrERv3K9o43Vn4MyW,80000000000
12VjfSgprLhYpBq6zPk4HLYpLLuAgKQu94WmziGj94YFUUbi,50000000000
167Z5hhhusNtwFx5USYG8aKTanbV8FM8QBRtUBgs5cKt22qf,100000000000
1pfwiFQZ8MUhpQLCN1i1fK6rkLbhibQKD33FQ9BDWfiHEWJ,100000000000
14weKnC7gUqUBfbSH1yiirTA8UxbtkdxmGQJhNDJTgnsNGBa,100000000000
15ycGZi3zFsUG98JjWqhGCmvQEJ2FZWgAzmwU7mQcsFv7xja,73700000000
1x74LRCEnT1fzfsVrdFyguKLWRrGHqXg1GW23rhYH8p2g2S,70000000000
13KvVcZSKboW35Ebcm2XWFtZr9Rgr7yyqs9HSocgLEedDvS4,70000000000
12RCYEyaPT1HPS7ruS5nfDURrdN31ikcA5yHixpYHMQQt4Ju,100000000000
15tPfMuDQdEdC3LCrHZT2f7v97cd1Z2XSTcHkNusgBgD4oBj,110000000000
15MCg7iyVpq1df8Y3LAPCNAimuE27G5AhMzjHQhSPgBACiF4,100000000000
153ahPn4zjhVrgAifRs3gvYypC58A1qijGQp6epxX9QmLECX,100000000000
15yrHrttwkznCsqJGNmFtjtqBpfbMZa9MhCLrFFsENktJWVE,50000000000
13uVyVgmUB5oRzdGYtEtc4SraUY3hD4ADiF1NJwFCTKebGmF,50000000000
15DNBDCu7GULwAoQ24uKudV4BvX9YAQLRyvWxYsDftakM4E7,300000000000
12TNTZEX6o6Dc6RuEqS9M8n8F7Y2kvtJ1eHXzrW7mdKt3aBy,57500000000
14TFb32ctuzbwpXeCn8HM2BQvDpYYG7QynjXinJ75wUX6LgJ,100000000000
16AWstRqG6ZhuPcNAHBvWyfQTMkfn5TMd1dxsYi73LTBDNpo,100000000000
1EhLEEKzboe4AS5UhYJBPHe6oFCgy9oNYytRka8S3VPBMD4,214600000000
13BNk4Dzy7bjcMVyFLexQNgjbTnTsF8dy6JvuAewxS3tW4eW,100000000000
12p55K6Mk1DvhdYoJbUujCbtgznhDF6YXVwvvWTTz5VaHjL2,130000000000
1WXRpaZm4atqzWo58hqtYAjPfGirYRz7Lz2mviYzs2cjJjP,50000000000
16BADEJENdG6eUHThYCfJcvXBdr6HQD64KKkPTxh7HJ2XHRu,300000000000
136ecWADoiNcQmSNY7PEknBpzCjqYrRqts9xQmNg9CvyyMUv,330000000000
14rzJSkV9PeWpLTQnbMdvdLia4H83PCix8D5WaLrEZjWAt3w,493900000000
1NwBKNkjpY7akinTmxmuVxt45roVCsdhTyVePKu2fzFDt64,80000000000
12BkND7DJ4NaJ6Wwnm64aeRfNy1zh3fSJ6sq8aJRmF2JSo17,3323000000000
13aYeUq3YHinL3jyxXmTcFj6ecVNkXPngDN37B3KfsyvkQCm,50000000000
16f3nBJoEQtQXpUYi5n3QP6RRmLCWFS6rfwsjCNpLVGtcVBh,98000000000
1jvLCmqCkbsS5eM3J42wJ3v29MwQGJk1PaavLKEG2GdDECF,730000000000
1v2q6dUQdksgrnKPKepmKwh3q1Ju9ac8An2UP8Ebjp38Qps,61000000000
15fDtThi9Kvv8cE9vbeZM4UmPvHE436BHqWxpX6iboLmJotF,464000000000
14aU2DDDCnz3DUEsxRRXc5QDBVdk3oLaBaGeAAUme7gejipA,51000000000
16kPemhoGCp6MaNqJ3kTzGmDA2QZJAtjUze33kfb1wCSwM4h,990000000000
12b9sZPH19jbJWMSkGBZx2mMZBXxEXgYMw4PMFzC4Rwyd65p,100000000000
14GEh6cumpYpomKheYubLpoYKb8eAgXqXywaDihn41aDEy5Y,440000000000
13e8m3sqJPqyEdrkctDcsZ8eq8BHWrMxfnyyqXLqv4jjVaE2,93700000000
1nEuAvCp9LseTfh3ou4Nsb7bLfccRsYQ7PFPJh1SKpLjmKk,50000000000
15SpVziXGDwXKLMAGjTgNJdNyQBdrcJRxaX8f4Rzcxm8tkkV,50000000000
15oKJLhYKTtHDsDNFNBufnDq8i4Eru8mMUQb8tMES9FSv7ed,50000000000
16kmrawgzCUgFKNSkkB6usi1cnSGsMHiPmE6KFoqRS5dLkhF,124000000000
13NFcfE8kbMnsaxLMAbSFG2GdX91uAx7PrcY1w3VobLGTFmM,50000000000
15MZSKFuoTZxxXjQ1Qq94pTNo7Mis5hoYYzqdZfEbjfzi14e,50000000000
15z44tt5i52LGhtknBrV4HRzPzqwZ115gErcSKYBKTA8U67i,50000000000
13KmkWvkxh2ceKx6nAtrGZp2AJMbE755QRyr3xXbPY4YfgYZ,50000000000
16cXNb7Lk7oeXEBZsXQmUvwm1TfgVJ2J6hRTjNhnHgRzLU5R,500000000000
14Qg2wHiy5AC9LAEUgJfaicC1GDMBiPEeLrJFjpo8L566WFt,50000000000
13KAEsysW1QXRjHgVQdqoywHXajeCZeMrHxhtweLaZeXGvtf,270000000000
155HJUaKieo63AtAAfNGXQHktqLqi172GmF31j5unFr7S21N,101000000000
12KFzkHeSVN5twgVKhXvjBZZiBurmcvjRFrtAmf2PVJCxq15,50000000000
14GQnaiSn5iMa27WN2HBgAMvqFzPrE5M7arwrygHhZghqPNR,257400000000
12QNVXEM5VESXoBaZ4BtVHZu3GW6Zu6XWpNgKMY7Hy5K6skn,200000000000
13j1iqTxJHpPnrjaeSZ9Fkwmd1yJZtSv9LThNPyY5qrsvqJd,100000000000
1NqJE46bt9CG3jqmnVGhFVY4fwsMSRL8oxzqy6DxobkzNXP,200000000000
13LNssd67sxxt7vyHv3ex2rpXgB4FJJAhvfYB3TkSEwLn59S,300000000000
13sUMfxf6kVFeTdZy4LxNrgN9ebWawemDcuPTnkETm2NWzAj,50000000000
1ZMEFUQnrsfiNomBMVPmNW5AeL3dcG97qRfP4oR5vFCFB8i,50000000000
12GnKWXt31RUrmY6PcMMsUTvNNURiQaG3sCdAWf4XbfmW9RP,61000000000
12BgwcmWnc7UwbAbWv2hdrGd9WgEPm1CUSaPBzhd9JENfqHA,150000000000
1srVncXC8tDcYejo3sDaEDY7odxAEptYHEKSRZQEkaGWaHM,1200000000000
15QGpKdvuNrBf2cWrJFpn32quXGPxDPu1y6j1K1Ar65beyxJ,80000000000
14SwmPo2UuW8QH7sEdayBWVSkA6ZKtg7uQ7wvohsV3bZdbrB,85000000000
12RWNVsae547rDrgD8E64Hnxt2LMELTLJj1Eywn4hxpFjKcP,51000000000
13nC3hQSM8tR2DHvmQhJKqXT688GiH7FniG6dKb2N1Tda8xy,999000
112Fdmy3R5rddscJqe4KGM1UKzxNGESikrD6LJw1DsXKuJvg,370000000000
13So5tfbqQSepGwXQ1oJdicWbUxtPVturH8DYs9BYN46dfaF,900000000
14KFcGEX6wbvgKfRZWKgHKQJDKohWfZLxPSoUwbFsyqQ7EG4,90000000000
16D6sWP7RTra7S57CKcsd3pUoVAAa8ecjteDHya6rk6dGasE,64100000000
12DuZ3egQWskUxX7fmMco5JzXtomT8oGGJrVkbvkhKKqrGi3,50000000000
12bNt3xKNULe6Ku3RrWC44m985XR6EgrLDgySrocVjXbAk2M,50000000000
13WBD9fprfqEZBAVH9jfLGySBZLWV9ffEnc9axjcAoyCUcNx,206000000000
15zRARyBzQFLCGWKovZZsgHXfBBMw7qzwfYEhvwPbebmMHPL,150000000000
121q1o9FLyRKoYRnfXZJv3HxzVoBaTu37r78x5xHPLZMCuZX,50000000000
139JYwm8zmMyUWfpt4ct6RKzWWawU2x8gdPXFaMVPRmaxY6H,50000000000
15GQknCvR9baxz2QszmtKshoMmbrtZWastyGem55UC7PGdv7,90000000000
12arMRpKXqpKy7ZTo694AVVtpjDWSjsxzuVjNiaJymPV7owW,100000000000
14dvT2cB6xgQkqdwH6KtRmPNUjj4e9Q9eMPgKSHjAuA3pwLK,100000000000
12x7xwBHNJPRT2mvrvyGWpxHvjG1t71X83v8HRsjyPoyXmc3,350000000000
14x1yaUJTwG1SocbjsP5QV42RrJfzHrwRA6EQmNEN1e9uTTX,120000000000
138cjDBBPKdPvRQeyfgCdTuyXhCtPWKb6yC4noi5vGT5ThQ2,300000000000
15oGEFhFFgPVXnEEN9TUHSZfFdphha1mjSzry4nAzjUo4EtF,50000000000
13YYhci6qqjRymg2JwT2fjTUFCGTXCK62yKf6L9hJLhF8Fpc,100000000000
12nZGz6TbuKcZM7o6eFdksqG5i9bfdYDsVppYta7tcje3Mi3,50000000000
16hyvWURU5xwtSKaQ9oMbJmG5CWE2nMBRctNUWH3Cnz4bbyz,100000000000
13whk5K5C3XA3Sas3cnPJxa6pgHMpR34bJLhRBKCJC3pY68u,50000000000
12Tv39wWpxW6mGafaAA4ynfdTDp1f1gr2wJqL7oPqNfem4M6,50000000000
13Ekbcm7sm5xWVtX9EFGnFCre98GNctLAqRryaZh3UvDtj9g,61400000000
15gQod8438Skq4ZxVPbSs4CAoUg3McMUuuv3YsChFV3Huksn,150000000000
1415FNLrZg9iYauTSoVvTytXkAUvi6Fjkvio97BLamQZErVv,60000000000
1gaVMhAanFRQkdoGDWhkdtLMmUSMLViAKai9hCEKxpiQssF,100000000000
14aRUXRYTESqxTHgwWDZthc6w7r9BjUu5xbjkULJ7jKdEZVS,300000000000
14DDfqYRDGAgyCgn3jFYHt6XTcZs9EjzvUnfCunxm1PwL574,101000000000
12pXBurnA4tAgwoeFF8aq67ySs829C7KKGcCDw6HQcGgLWLS,50000000000
16CsHtmTxoq9bUmaCncuTLUXr1g17pABwZTwsNcoHVbSmBfE,50000000000
14Yk8R5Vvr2Nn2RarSsMp8ckBN4gocj7RAcKK32vr2F1SK1d,50000000000
13Y2MtdUenEiEg7iEfaMf5FqtFkvFXYjrtuxEeLfBhGzdxBE,50000000000
169x1cD1jaFo7MHn43qAmjmRzrbQjmWcyYpWrVvYsPMJDcdb,100000000000
158ZySbE7eTKv49N39ek42XJJSBSnAvNjzMye8wNzLEc5sXU,100000000000
129KiSMvg3nCBvCHqkGD3CsiYTwK4JHTa4Bf44iSn2CWoMS1,100000000000
14XgNbrfpaeW1u1pf1dZHSsDH3LvFq2ymg7LLJ7BD47SqHSX,400000000000
15raBNMceVyzgRBcd5dsggYnccG2yiR73RPYGCHeNRHuHBrE,100000000000
16G1dSCaxPFiudPVY4SVaTw2KiQNjdujHR6o4XmBHWtu41Vg,90000000000
12NRaQHiBSuRhcF85vWKUYKgYKZMEwdNcMSHuuu5cwAE28Xv,210000000000
13QkeDTpPqn3WQcUSShTXBfPPq2vQAZbNVs4c5D4MXNU14Mz,460000000000
13pjDGaYR3xMKFf5ewpbU3ZH6SC45BBTSZs5tpazZg76EQQr,50000000000
16A5C5Vk3vyc8WgnbvpkCC39xocpem3XC1H18THhHdUvim5p,100000000000
148nwZGV5kWsZsKmePY2hrS87RNYwFeLL9zt9mPsAK6xjihq,50000000000
1dtej7WKHsiozFUAZC2Pn1jn9b5rboR6FtYoG9vtexb2mTp,130000000000
145XrwM3GK7FLaoAeGH1gdKzMN2nwtqPhYFTh2QzgocgMKYU,200000000000
153KeWJd39RmjHQhcvc7oW8i72g1iuMo5pu66Kqr7SMeLUFp,50000000000
1xHkrvsgAkidvCkzYvcwa4JDB6fijj8qAJmhzExHJzRFyGw,50000000000
12YwfFDQRDEk6FYZrLuAMfZSn2jAPavUhMRUFjToBVfR5zj4,200000000000
12DosY9PuYamyUoVmncufWwwV2uLrD1M9H8prDuyd2MtQyJf,50000000000
13nGi8teVjmKdLaoaoK1XGHaZsS2FCuGRd1Hbto1ifvpRt1J,4990000000000
12bKvmZ8y6bjTNSgM8jCXCK7UJZ8UmV6XeX7YXDrgogNEdtz,1000000000000
1Qq9wx7Tt3BL2WLwLwFpk5tMGDh6oL2VhqRuJ4Rskgb3j77,800000000000
13bau73Cun1SSqBUTaQx6Rv9waNpcZBebqzJTadcKSXScPtP,800000000000
12s9RrnrFxDNZhrjEgUZccXXxrj1mNzrhbPLVcpSuZunFX7X,90000000000
13TBKPvWFi3FbiadzbLfXRitjKfKXLB8oaPdXJSZq3unLs8C,50000000000
12xRXJWBeBherBoTTQsYPVS4SQkFvgX2yUZVwbZuLojqfpeh,1000000000000
16AgmnTeZiThv1hKBBbgEvX59MBHp8ZehjwSxfWYNHAvapHt,50000000000
12U6xqPNUwB75b4AYsWeT4EGacEcgzL31VBNUAbJ8tBpqk4t,59500000000
138maGiorwWxzPJcsurBn7pc9qmbwLNCURgJ3G4ZsQ7huqTH,50000000000
13ao4Wo6s1ZtMYiH2bcvsq3WBwaRhaWMWGJgttUTtBe4QTCN,450000000000
16xFUPUEiVN99vbtFZjuQKDC9QcMvcHeUWRv9vgoGj9q7Xm,200000000
15aMH1fNHfJQjY5GpYf7qjwMTq6rSTRAWu6b5kEsY9F6h358,150000000000
131fMT2fthXorVb46Mj4DLz9ti3eBZnJBPLrsBq6bwvuDXVD,118900000000
12RHKx27JXPX39yyEgMLLU2ueRojnM2BECcVgnVjBsjVTybr,100000000000
1jDhx4UsvfcRqTustSYQFDxSPTeNr7AFbm5TtmAq4sWyszS,300000000000
15tmxUG5wMiDFVw1YWS14oiz1ncvLbwxcMCDFVCieyC9hZ4n,60000000000
1sNiptAYRt5ig6MUdgw8nWUpCoTqaA7PmzVut69J3DmZ6sD,100000000000
14iFwRhfehjT8cvVyy5eE81AbiMjie8kEJDhdSXZwVE8xSYk,200000000000
127855ifesQnPGEjkkr8bVXEPQL6X1PtTAuUnHH6X6FkxVCr,500000000000
17T4hBZHScF3VYViQcqFx6oSa1J5r6r9o9zGup9qXRNxMpb,50000000000
16dFaaWUwjXyCKYWtBXjXJkem94mrFDJB7NM5ctUraMyQTuC,8000000000
133zWE7YMJrJJQkcEXgHwaob4hyinxiEFqrYuSDd97fQSjoL,20000000000
12GykqDhx7dVWgGDrYWb5GgK9HeqHHxj5WQe4iStyidZbjmc,100000000000
12zPDdfnYMHzjH32RayUCqXmFUhAHSLzn2JWHLndY8EJ84VV,150000000000
1j2SuYdyq6jdC2Joy9Spwvc6GoosZmAZktguUgHo8x9kkMc,60000000000
14Vv9pfnZJ5x2hQEaCHZ5RKoc87dE54ZeAu7ZSdXMMWJnfyr,50000000000
13MXc9w8vRGCBEPx4HaWNkHKYKwZtCEL1GDHuC7gn6jtpYw8,50000000000
13gAyQLS8zxd5yoV75XrecbeXnx5rUBkMZKA6uyScHUCs7Ev,50000000000
14wfzKfpr5ZT4uBTYjQe7aSTu3orSu8zjFS4gNh4jBpNPb8q,4600000000000
163DR8mN818BjthbTPttrBANFCkctHEbjTnWnJo7Qq6RU7WY,50000000000
12KMtT2oxos6JdtDv3ZuHZpkjppkYNBLUWceA23uDuJ4wkye,310000000000
12zZnNFu59EJKYwyJYsqUJBpE7KAKnxtbyQPEaBA52qAaDwB,50000000000
16J8US4oZzCgQWeezbDFaETgx99EYKdb24bNPo8kntBj7w1p,150000000000
12uU8dGeN8EE4zU22JU1Zee33i2NJyLnuPgJsrrAeA7dnh3w,193000000000
12NEoJhtHEpKKZns9d3xuhNw2td9XYGm1hVZyQdRVREN5oZY,80000000000
1USjmFnJYr7kzkrMqAf6TJrAtp2kinRQb6zQrSzx68Rhbf7,100000000000
15oY8FZNC3CaoFcxGfR3FEeiKBQkaZ6aqXK1ZjVEEfXNVuB7,200000000000
13onxbhHNzUgWV4NfG867RVYNFgfLx6KrPJ5FKNNTuh2TkJF,50000000000
14oWE5rpDJFuZqiXB5cZL9gp6fDdC2buZAtMHHjKJrS3f5GM,50000000000
1RokFbhB8P8eMeR1ktmfnpcGVzLxXoUJARHpi7inR2inPvv,80000000000
13rwcF4RZNQ27w1fVGiV25rdb7xBwbQT1PqAsrbWtzpCb6wt,100000000000
1512amZX3f6vpmrE5jaZbHDyEQWh9HVNa4LgfFJ7h5rkaLvk,90000000000
1s8bc1qFaMq4FoGZ27MSnuBevCPSYYVz7UzkujVABKYGCmn,151700000000
13BAEeWiVfZJ1wJ23fxZBni7wdZdoxrU5PtCjthnRKxu2NBo,50000000000
1ezzavxrUHy6MtDk64eJrzwNV9XUriMa76ayagZkdKaL7Xu,50000000000
135r7zDX45fkeXJ2pPt1H8eEQrVJ8xPRTjQKJqg6QqZ6Esq4,55000000000
15tY4uhWRHKbZNxc2hxaRLbw22RDnssgoHsucAYwk8x89cQu,100000000000
12xJxsdpddmQCVmWutqq9Mt8k9YMumfCMKqnkA7bM4Y7QENf,50000000000
1ZJUas4vVPgBGo3ZEpnENYev8VGogQ8cFPGsYzwf7C1E1cG,50000000000
13iRauNrf2JTdqTvYajSbwTmQuj6UovfvHMuetnN8fcSRneT,680000000000
1EsgyintFWYw4do7eS7RwNnjKcvZCfYtxKraG9mrsPxPyvs,600000000000
13BiyCTBvWqHifbdMAwrzr8h2n2ku2FxWR1iDhpgUmjspdpZ,100000000000
1bEM4AxkipEB669UjKMr2m6ZZtitGhWLA65FaT49LteD6tM,50000000000
14irjiogym3K4TtwmnYVQL3sXSxgqKyxqSMeQEeGjxEmt1vw,180000000000
14apgonXvQW3df9bfw9PXabxwChLjU1SJfLXLXGWqoAMPL86,380000000000
19MPgFszfWwrHuqA4SPZeMzQzpd4Uo9ksckkULVUL6Tekpk,60000000000
14ougwVSoXnZbTidR3cwyds32Aw6YyHBVVWVcx7Fj5YVsnrg,50000000000
12KPXs8fP53r1ooi1hjfXbBACtTwdxSDKwaQcPTKYDKoL8H4,50000000000
15DbaCzAZrSYo1Vai9EuKUA66mGFbmQdzLdHYNrK1nNUWKH3,50000000000
13rrSHAseA2s8HZcEXkBaUyN2iEYm7PwMT5JsNG4eaYndpmV,66666660000
14FzRN3vEzPj56EbiDh7fnJfMwL2KWybXuH1xgt2aXDQxZsE,50000000000
1jWJNz7Jvi9r9QHsAhNs6b4JvhWAiRvMHnSbC3TpWMZ5nYy,200000000000
15fs59UwMoC6x6ZydxAUZawpr47sx9kygDPUv7i9zaykEwU7,50000000000
15DrCXxfCgXn2faf9wPvPgW3U4wgvUvGkTP365Pdu1M7JRNs,50000000000
14Su7UCDsF9bpZnuECi24r8jW3BaxKur6bPmE8UFsXceCvYm,50000000000
16ZqfryVRki3H93dMNSukBYbarRWDzNWZcGJHMWE41SoSXTz,100000000000
1YuDgtAWossWUXxsVJgwRiGGD1P2fRe2EWqXJd6twbdahDT,100000000000
13MdTRhDsBXPJvFd3GNJWtvCPvWXsMcKJjiPNvqi8E1DkvzX,50000000000
14Jbc1D8nmdUL8tqJLEYAwBWgwbk9TGCuMobFb9927w7XbSV,100000000000
14djaupEkoR26uSLuo6RdguzE4XuunSSMh3WhJJfdrL2kq2Y,90000000000
146G1ens4oma68BP5kQ5bStg9cu44MangE9dkbhk8Sso29Un,50000000000
1UMKMr12vJBMGXy8SwKKu8hVdvW3nCMHgoJZCKnUEeMR7Zq,50000000000
12xCw9BvGi5AvNZ21HcUxiLWXiqcEATnkBipo4o5DGbWWrne,80000000000
12sB9nhGdWBHjrbftQikvs9ZXg6qt2AcrxS4KcrZChS85NET,200000000000
16SGMA7f6xpZGBBkngzgdNakA6XcEC6BPAhUrfyLMRRQSCM4,100000000000
128mjSHqVxxgxoXZwjNENAy1KZFLXFq9QDX51s7Yu3UEGhTr,50000000000
1psux4xpsRgXCqr6rYyiZ6sz7Z3L5fjKJx972sn1TYqBRfG,50000000000
13NFDcLoRjKvGphE4hk1PbTxjVvfKpEPSyMD4ck7n6v3LpjS,74000000000
15ouM3vZSsPNEgRBFxHRrwrUrxpVntfuWhQk4Wc3GfnqurV8,70000000000
16fhR45tu9KAhCqQtCW4VTvvaYgMjvQA1MFvZBb6EZwuDKR2,100000000000
13QwTKYX32LMT1AC8PVKJV9Rsb7TFsmDqZuGfGdxXKdGpv4b,18700000000
129d5HmSW2uyGtSbitnyyV9xUpZPsCPZHshm4kAApkuTGNnW,50000000000
1y9PGNfPS7McVYcGRWLULJcCKLQZDeCPSNvm3746Uj8qmhU,50000000000
12gCanait1mUqNNi1Jfrsq1NPgVPdqbKwFSSVoSVW4HjtPy4,580000000000
14V4Wuh7zdHobCMqiW2G7wY5tA3y9U1QLCwzCMcsFNNvCXqG,50000000000
15zGSfDEG9caczVCZwAEUsYevFUBAaSkE4rs4CUwVSaTigKa,200000000000
12gvfmMCKouoxbbGq2VmrmxZYAydeWo6YTYYvnGvV1XsUANt,3800000000
1N2H1YRm8BeQRHU56jT17bthq2RZ9KMoq7srDErdVnTQpxk,7500000000000
13wmJvFJkPppBDS9cP3MPRoGnX6Ay8UEHonEwAjvTGpGsFHW,50000000000
16LuhQ7kd44HmoEzPKPvdZ9YP1Hvtovd97pnPiLKzimyEoU9,50000000000
14hKwzxFoiLaw6xHgh4Nve8o1NkUFTp5WA4UaL3Y87WU6d17,500000000000
14wGEw1AomgZ5qoqG2PgeE973LpJNGvv3NUkvJuoLW2tXGJa,50000000000
1247Dq2CN1cK3n93Lnm6dS6CXqCGpAgqgmc1mjRrx3zLg9Zh,400000000000
145m1eM9wCP9wna65BbdCpFHr9u1AS3btoBvkxQ8r3YADr35,50000000000
1eoAZjTgy5C1dyMRPUdj6ExLJsLMBSSFNFcnaxhjWpNE2qp,5000000000
15PXfzNYWJyHrpYipSMCazxpM1p2TcPua98q4Kwe3Z1kWM7n,200000000000
15i25DzwQQRd67AN4czas9tGC9ksNzEGYvzUoQuGETmcwbjg,50000000000
14xRBshwgW239FXrgzaqaBMR3R72Ja74Y4hqZHxAea55sKeg,760000000000
1391KJZxjjgcc2qEaxci6VekmkrnEx7S2hzT9tSURMPH3wuo,1350000000000
13b7torKPrwVbBRNsQk4jg3qYD6tKjQca6XLBPSGa6jbakJ9,50000000000
1NoyDWEx5X9Bg3Simz2xEgxUmHmtMCrCjoZtpQEryagdS5e,50000000000
15S1QrwywyaLGZNjmzyfWiKTmj2YxsQaJvkMHpTX9eigrJqW,230000000000
12QvjNGa7aMhBsEpDJpUdACznYK9GYGMp912PodUpwNkGAm1,900000000000
14rnxgPZVQTxxXLbQjS74KSkPeAkDAtok7g2EzyqyjKtJBXM,550000000000
14Vp3FF9XEQe1RV8CcUKV2PUb8jZc5nnEm1iTw2L9FwpkRiP,50000000000
16Hqk9R6DaH8WnHa3oAr6KD313pcyERx8qfFTxD5wx2va572,100000000000
1Wv7LgNF3qD6phqfzhYzVKA1eYQ2iAZwcgvY7Cnha1Tzmds,50000000000
158CEGzarL4W6jYuAADsZt5fvRESZ7qXLaeLp5HqWeKtZnEq,400000000000
1bRLEAaE3Lf1617Q1tyXiNp5iAJcYPAsuJWAsML77ri9fZu,160500000000
14XeSQacD3KJDFuvNTkTPZuy5mKPXLqTyrKHxFZjVyqJU3Sj,50000000000
1WvKCimAR7fK8oStrhveZR1vVazHqkk6mfWyz1NxpPGTGzc,250000000000
12e6YuTHMS88AKyah9URocvzXSJtT3cfPf15S4LyeVvxCya7,600000000000
12azJXmo9AsL8K5yDNsy83t71kfuSxwif84V4ykCyjpEFK8s,800000000000
14uiLX5kU7kT9hCaUruNcB16iYe4F8Eg39AmxsGZA1Yknxw2,120000000000
14E8bJwxxvFVfppc6RXzTSe9J9vk2KG7FyWdBuPmiqJ6USBr,50000000000
15JLKk6fjdwWE16C9huMw9iTQ39LwxcGJkyNat3X8MNTVhNA,920000000000
13bD2F1AdJNTFRQ6sA6ZEB2KCJdAXeSzstvAgcRdQAJJrQ2v,29990000000000
146FyoJSmC8zzG7zxHuBxiVW1qFw5GUMxAsvYB6U5s7RijyJ,50000000000
15uMb82LQFV9BfrBDVEah11isdMAjFR6xmtYq7PdbzcagCRc,12200000000
12bNyRdee83uswvbH6S2cbqWZqvPsd4a1HAniDrV2awihF2i,300000000000
1EWjt9ETRdk9ahGzPn6xwQqmTZX7E5YaF92V2mC4dEsRggo,200000000000
16ScTxqUfNQUeWxziqTSb7pw3mVvHx3QW9HuTPaPuPuxx5RE,50000000000
13Gkar2f5ipUVFjcTKHfMz3cqcWPCqd1Has523AuVSxN8eWR,100000000000
1332KcNPEE9zhjgLTbpahzXYEPo1S7zkF4QFW4KfcR9hdcvq,600000000000
1cQ1nJy3Qetf1UpZhJqUdWWk4LQZPoAJa7ZtK5vkiL4sGW5,950000000000
16SCgD9k7SSZnQrj6ZLqCRcj9vBRWBybjzGsCfbQKPrWvp25,70000000000
16Znwjw9y79D4UDuF3k6QC8widCWnTXUQ1XsqJYhePJhUjs9,50000000000
12repC4GF1sVCAi2pPRmrcfpTiPwk9cr4jU1WFXezJX5d9PA,60000000000
12Qza34vjr4XiwbT5qRXHyX8tQ9tyUrQ3onLprhbMvp5cSSE,50000000000
14b29WVkGBfRqaHU7garA16BG9o4Tu837FgaSnFpgfyYQ8tX,490000000000
14zx6sxkKsMskWQ9AYdSWRNegLG5av37JgmkBz3TsZSfnUYo,62000000000
1bTZp3x3Jk5P2eredG8DqJ8fs3kX7KYSZSHfP2jdcH4ynaU,150000000000
1463EMSWjj5kEHz7Q8c3J3w7nxBUUiuUFLecWrC93L42HuqH,53000000000
13rFCnqgxPhq7sPVJBSwQVrwYYWPA6Kboh7hAKxtuAvXg4ph,50000000000
13Tu1381gmDWKiXi3pkmExnTN3bz6MUbkVYuT5ZZfT2JqCgB,56500000000
15awZ6GHhZ2H7KpztAgfE25XamkRtzUPCzSRuAGne5ygRjj9,11740000000000
15i9Svi4fmFVxPcFh7Du85RSoiWzUj4UNVLyAFgGqnJs5TZa,500000000000
19n5kG2ahiDyZzrFqdKsxbnWzwF23M83yMP8qMs8HE3xeFr,50000000000
12N2aFiGbWHfJMGhLJzPZDN1gygF2hFTRAEH3NsGy9edjmGC,50000000000
15gQWPwn8TSSbLnyLke61PqVvMkyVTBhvuBBsEHKAgNEuD4a,25000000000
13zxcNbipJxvM4P9CVYVTmfBJdS2uj1qX4VJKD94RvLWgkoD,900000000000
14YqhWugqgpiRMtDHJMUkkBwmSn1DiyyAwq3URCrYg98LbM6,50000000000
155Y5ZrGnmgpbhnZEwWYGVVicTfjQMA4qzKhcV177Qvxpk4Y,200000000
13zZ3azthrfpwDPTLciybtS3N7WRVjYHZAAhPe7tbYzkanra,550000000000
15i9n8dT3EmVHNmWPg24F65M3CLRH3r926kAsbvPGX7Kyk2L,50000000000
1gxBVhYyUbYbdWxXH48beneBsreiXzsusNV7TTS5yGG2uGb,51000000000
16acb2PHi8ZJdDiG5dwjsj8ibuemYkhiT16yEvrB52pXCqhd,40000000000
16Y12QSiBACuFCGkCKTt9zp6N2eWvUtrk5z3YsyhCw4tqt78,80000000000
16RnoPbspwW6MyRXU1tyBGTJDf47NF4AoKc6gqE5wXAa1LtK,50000000000
16UXZqBr4w66woe6D3QKS4BZ8M3cRf9H2FW24RQTyDvJeaNG,50000000000
13EWyqNDf3zRCqbD5bWM5ztA3xFBoLgf6q8szxgEco73C1Az,100000000000
167iQnwzuaUJ3pgDxZ4BRHVJt2jdo1eGtZHj5PMDF85vWqbq,10000000000
14Qo1tJZ7HM5cCi2ZEXapWm1Bp2hpeC5fYtJTisiTuzmGEgd,50000000000
16SkNsuun6C5xLGuoJya5f39x7HUMDYZUQbqmvwGZAAZuHxH,91000000000
14iwfeVKnugtrc3ftTsxJ5ZKpvnRGsoyNEjcK5F3Tr7dhZ4t,50000000000
15BKiYGbWc9y5WcC2s8Fvp7TjLZvzuBHnKaYD6ezrKfR7t7e,50000000000
15MkP85v2f4kHH2qtn3NUvdmMABcgnsVNYWG7JRRF964335L,200000000000
13SkB9nHVxAEbxkH3ophGcBhJCgnD4QPv3MdzU82unGtFuH8,10000000000
12WU1gFukCrdiegELApWfpuSzZdSBsedYNKvBnMK4R6iYr6v,300000000000
13BtAZ4gKby2uM7itn7L5758PaueWwwQeXP8QB25SHLKXfUC,100000000000
12H7mXZvPTMz6FgHq5uLvCb3vQjy4rwuArd8hTG9ub1JDy7c,163000000000
12jPRaRud7gefkcPyfvAHXasmzc8ogcRv7uDWSyVqquVDUuv,200000000000
13hkLApBCMNLWf7fPS93Hrw459MtGZxr32rFegtuFjGiCrZ,70000000000
16kzXmw2ZNDoURuL7HVAnSD3CWXVf4zADbJN9dYBUqqvYSVz,50000000000
13mgfwRHgJt9zYXEHPU7m5WZBDM82y3ozSXBem49nHqZetHE,100000000000
14BNgvYuvxAT2vv2eijwa4LoSFQ3sAwXC5wHVsBzaXB9JSD1,53600000000
14uJp4wr14tGCZemy5z5zH6bvUKVpRYgZYxuTvPbtkGJW7qz,100000000000
14WDDErwQPYQ49y6DJ7MWcNzfzB7jWFwPBxRD4V47CwyRzrT,10000000000
15TDJMu4Y8mva8xKkhUuSCKZUVdsgqeEd1yLPB56VAcYqVGa,200000000000
12Vgypzb8qNAojyDpx3ChskMHGVrtAaff35Mg2jQnvo17jgX,50000000000
15ajQt1nu4ft38qwtjGxrhPzuJ2QkXEZyJmaYygDxqHairNY,100000000000
13Ma43E1CFhHa8L2C24XfXMigXhLrthtxqYi8majm3ZhRakX,50000000000
158RJ9Xh8H15bBNcfP6bL2FAMUmuBSuBo4RyUCpMF7s44Zfw,1000000000000
1mjDZ8mgQtbSaVJSt5HRuXtKsMVBdX8bMgDMXZmVBaBTbRD,1000000000000
1dzAA1oDtLcEZbwey9deVcwLVsmBDTjM6F3JMjXi4QiqNBr,250000000000
1hFnGFQBAzrCwgyN5gUe84gzFu86u9J5KQy5xmZ8RxV3ryW,100000000000
131aYcDewCuzx9Y8s7B8qvz7hwzoMcNG1Cunrvk3K2DXMYfn,50000000000
14dJuavVt9qTs7b7fjNLitXZpHobiFaZFX2qhMJVmzAMeH5K,2463500000000
14DgNYSXVTFJxbNJJaVJFPrvfmdoB1S6DAcC7jKSsGyFczjq,100000000000
1BZL1h48GXXGPs5JZw8dXKBW8z6A4gyGtPRQXWujWX4didm,800000000000
12QfmEComf9T7AwQPAamE5n8e9Ygrt5pG7biVw8yArLd44Hu,5000000000000
155Hw6XRSTv1GXV3La5kbie1h7QPNBRQuL6bHHEyZNexkpHK,1900000000000
14xHPWdePgKEKXwQc4kxVv8pshjUkAer8jsBBQPWe8ntfFPD,50000000000
12q1qZC2ifXrxr6iay9h9PJEj49eRqysG6cNe2jSXZwsnYoT,50000000000
16aFjE8r4b5VadXXkioA8NZVT4LaWu2ja3CkDJVKnzPsbHxN,80000000000
12bMfmEAarhZWni8YD7ygEz317CJ3J9NxVrciVcT2nE4wqff,50000000000
1jB6a3M8iKP3kL7y5Ho6sgLpkxjmEAYVFWvcD1hGJHJtJBq,50000000000
13C2EmBif9Z8DMbVvs3QmjDbgZoc6M93aeN4XqoyDHhPe7tU,250000000000
12KMb5sxahweEXgidw8gQehVYGVk4BdQWB6LyaxmFa5UF7hP,600000000000
15DFEYCCpEFmQg3PovehzWrVKYpEEgavUpQAt4qQ9fjL5d64,50000000000
13MWig8bfK7sr94RT7cRLvYzBeowuho1uKnKTb4j86n1XQvj,50000000000
14bJXVRfkYAiGnEnw5rrUPaFxVdpU4nzFqtJcw6qUh1bwyCr,65800000000
13SwuYRPCvHXxjKcjoY1eoMboMrD3JiCgLXvsuKnpnmafZ3Z,50000000000
14GHKRtKMAxrvZptFiS7YJAWPYv7ZXwcds3eeBZi3Fz31S5p,55000000000
13Yk9459ufJ354LZsDeidwmTWZBK3SuiATfNvRRZMrvLET6e,150000000000
13JyUEYsbRPqBgUdncJiri8GRkES3W7jv3guXHVYBBgbc453,57500000000
15PjXf1S9kmeAU49ZHp1cULt1ZWAdNeN4nRy9yEUbE3ymPYw,90000000000
15XXUWThKSCrmsDZHS6JkfZi6q2BFYsfFHZVaegh82zjZBVx,50090000000000
13uYdbYkwWrWknSvMBPmB3CitKobQvo8i4u4WBwRaV9N1611,50000000000
143tVcXzbBUZHVUKJQYmGJCAGdUZ7f7L88Mwn4ebkDEokfb,50000000000
15N1QKwgLS2FwRaXS1hWrKZUQAih5NmkC1y37BJkQAuqqCBV,50000000000
12sYhgWGBjJqLBkd9GYtfd75q5BR5XrfUbkNCPJPcSGhQZv4,1050000000000
15mW1NnFsKbR12C7qnuMehfmzx5Xy7umwRKxuPsrbfXAapVs,50000000000
143sZ4nnNH7xLHK1a9Bth5SSBnfPFctW19qyngFcCzxAZVUh,50000000000
12QNXgbdH7F7TKYNXhhXWADyeJXbfqZubeDPScC3hWZu7PBb,30040000000000
12uDekskDS5C1ipMY1FV5Ck2r2JfCSa39mdi8UDs9GPUpCMJ,120000000000
1NtEZTWBd22rrtJQvggpX7m3akyvLYpWrsRzGvkEsUMuSSx,54200000000
12BbkXbByDJwAvqzSQN5smTEADqCj6JeaZAPq5edunfJxRHW,14000000000
12Gui13QgkGrjbckSY8FhMwrUUjquRCWfAm9J4imhPSoUv47,100000000000
16JVDa2Gty2erYumKD98qiB3ek84diQ3Uh3aqBJKhs2TDmu3,150000000000
13ibn1zyt3q6mR5tjBsoepfEsp48ma3KfRrEwZXyNbbRhm3x,112000000000
1Zm5bSj9fmey6YjjeCiBnbVEcTnz6s9u49fadTGfsdgve8n,150000000000
1YyJrcCTnFhNzyR9xEFwmXmKGqQFutDfyu5GbEfkoz3hrNw,95000000000
14dVKRox6FmSxbTuCqqc38Nv6zC6UfSLrhirG4M8DdvLAxWz,490870000000
16MdNoKvSMMz4Ydjb462QT7a14EdjA2YxM9Pn7qz3sNGif2K,500000000000
13Z9a83cbvyAAMSZwzTWw4HFkrV5BceJtKkbcrcUAyRzAtTP,50000000000
145RtHKdoia8FJYdEoEwaqsxXZx8pUoLfQWUT3DGc3rViKKU,300000000000
1AKcXZgDXfwjRiQ6Xj5WQtgixVWQC2g8YXppnDYUKpZNmFp,200100000000000
12Eb1TeWRR4VqDsZbwoVchjiG21XZ38nXqT8fbHGhUT2KHR6,200000000000
12U3T8R3wBafPhG4i8wBhy8qTNShVToqMdRubxsHAm67iHjw,54000000000
12ufwF9yUjz9xRUbyCeJygJ6ZxE4GkEzUH8FPuPA4RfmXagt,330000000000
155v7dZ8g2Q4bz5qf5QD4CGHfzV8c4eiVWSK7sg7CEHnU14w,100000000000
13x6Qf4CTq54cbsYprF3yT9vUk5G8ePEkagu3rMdgR6yyqE9,100000000000
16G9P9GDzAYZ94zYekkfvBFJ4vhjaiHon9K3XYRkRAGmmkp7,50000000000
14133VgZe76oEmFVc1Tz6WFXR7kmNYWyktWMjjbosjXJDpk5,50000000000
1EAyram6HiyY13vwyvj5zMZ3HpbKYDaE11mzvroW6JZMxsC,100000000000
123N66LLXCDvupGDUmnyJ8k9BvnWGm8PbUqKQu6cjnbWvypB,100000000000
16PuXABjw8SVtk5EEeetCvU2FqEMVp77nnRsPykWuo15o5fY,50000000000
14B4Dw9YphdgC7AYxFktfCe8RUCWg7o8Sk82E9tQUALHreWe,2980000000000
155mCZC3qrGj27CTkSmj2Zow7fQXX134ugGm6tPcEQ8whifA,100000000000
148GVkj3PuoVfef37ZbGAcSqHNEKxaYXRFGLuMETRWdycuxs,51000000000
131a7SEydMdReoawNvdA1dY27dnTU6QNoamzjeDn69R7qwpP,100000000000
15iTJKUAvruGzHc5fPvG63PK8EyMgM4vpWmhs1hjifP1jGxd,50000000000
133tnyNNN8Wk633WGaTuhVSNobuaG7Sqnwrep5QS9ntNsxPk,50000000000
13p37kDM4vBXBb8CLcQ2LUZLpjZ1ez1Yw9VuPRb1JWfDhoea,500000000000
12C2Zb7A6JhsBD9t1BYwgjS7jnc5zyG1ESGVcV8xN2kUN8pt,190000000000
13dyCUxeDGktqdCwaxH6DqtSJv9oiFzc9DEgHPND8X36w7NC,600000000000
16XM17hxi9eZN74Pndg6S7Bd7y4Zac1rnrWxQ5fZqgyPUgAv,100000000000
15SCf5j1AnrfNu6gGETx7so7aLcgE2eMPJZwKs8NdSxBiPkF,50000000000
15anAFCk6R82hiEATxe8npzC3A7MHYt9qCmF9b5XeL83czBq,400000000000
165BYLyNZhbW9X1fU1HbkwgrhH3v5xRyjhfmM3qWXhrLmD5H,100000000000
143nwpz6r2jmwf5Y3o9k1vhn1cuurxS6P7HugzE1JQRp2kBW,107200000000
1Hhafj5779D7BDXM5DLLYEqxjPA1R7KgfJeX27o9FTv72ki,50000000000
16iG5TN8YNAGPz65XGwyQVTXRgawnwCJYTwipWRzJzxJ8cFX,50000000000
157f4fRk8ekdzmd2ntg6R1Jmj9SB9VKrLgM3yqJbATysdMUS,100000000000
15DMESj6fpKTEyvaPh9FZ6e4NvxsBeLLiTCbpvXvW6X7MfgJ,400000000000
14zHZzRg3HjbF1inq8WSM9FgkKcvuGpVqW5f3YHhG7ZsZwwT,50000000000
157vPxM1K1goGU8wmzPXtZuyK6gP7FBUd9GUEhPRybPSUGDz,200000000000
13zDKwoJMSKGv1ziTYGng9PtX5BgwzcYcXRFb1Exs8PF7XW2,4990000000000
13uUy1KFLaQBw54opfhp9zSzbzVAxZD5fwHQ3tEhoJPszSyb,100000000000
16Ah1rok1X6hVpQMFmhvvEvAeSv6U4u1vvophVAtY13DRU8F,500000000000
16a9vBKkEqy4vz4wJ4nHZeKbsqFxmYMt2GPP4KyB7R8N3sEE,50000000000
12HdH4ozVAWjWeRyDhoXFAnNQtDegd3BXhE1i52JhmyAtJpt,300000000000
147PvnSpA3s41snJ3sthCk75rQna1MFiXE9T9NoPrmQPeifG,5300000000000
15g9yRFajZMQEZR6mvdShf61pwdjp97T3dSmHwfpNffAke1H,100000000000
16f3waT7RrQBxKqXuNgR6GtmH8CMks1iksB3ymGFRF9gUS24,1000000000000
16mH4YwbMNXNEgV7RPx5nwusQHn9hDuSFXQtXsNxCU5TjWtn,100000000000
14Sa2rQpPw24Eu58oj3EB6xe4ferZJTYPfmKGDLoky8FDh4y,80000000000
13SrKKTZfDo796xPpoG1hBzhAqXJbyTZkWzaHy4QfL62Upnd,65000000000
1TyLJz4Ck21zCZtRFZcro673bALCtatvUi1SJd2AYAdmp2D,400000000000
16AnZmqHiDykskXAqwGcKSDRvxfvR6nxiyk88NTZLF9F9WtT,50000000000
12sHnUM6bdtMMYNpu8SPwVUXY5tBMRiUGGEogSZYM7YeaAaw,10000000000000
15qiApBVkt6fBiL3v65jEefbZq1bzudfFLaa3q6oADUuZTkm,200000000000
12QgKiFZBQg4HkU4bxoLtQTuzxbcJrKyp6KiCAjzE4ZjVdXA,400000000000
15LyTNKWuzUrimHBoKiMHGTfYh16k56zeSdQ4Ro2uh1QTPhW,57000000000
14YKp8MLycaDRrSJUGrkamsxjQeqoo5pVWAMmx37HbLX2U9E,334500000000
15JvdLsCGuVxQmCKRmNk1gZ2ZqTWBg7SqJb64h6Jdoi3fMCs,200000000000
14Gp9NDvSetaEURGxReXzXKCGoPScWfgUrtFj7EMbNAQGMP5,100000000000
12NMPQvgGMCPEKMRTuBNdj97ptdKXPjkkWWqg1sa7KmQ14bH,100000000000
1gT7s2HJJirAAdKMPAkBGVy7ox8rDjhpNzWNWADDH2AYYAT,2000000000000
16AW888f3ihB1HcKHL52BfB7Ui3RRWn3hJAtuQmHQTxCAFwS,1026000000000
1NukCRWHn2yTrMAxNTgoTDFXWyWXaf6J8oSD1tKCqwG5dca,100000000000
14QLmFb5Y9hv4xLKtk1M51yX1ZLc7vfEiEPPTjwCknuad2sD,14400000000
16DAdRh5rHDxYR8eemH9PVMkJeMc19KkUxcj4gEaPe4SWwKU,400000000000
13u281hf7PMF9zmJ95Pw1yMSbUKDHtfePWiENyDybUrpKa1U,150000000000
139AXkJCqGfJfWPDFyfzyzjW2tEv1xxPaZgoSmfC7JsjQdRi,100000000000
13bkb5qitSHW6PGLiXurgkBqmh7M4keqAt4w2UzEKzP3wqk6,120000000000
123xCoRZcDKucLgLudahmTzEJihY2A3gZqCnYcx2bXMV1VDJ,140000000000
14DoYS4Qf3ukzbVn12hRYnYuBAjmXrL6CTevuxbvb8Mgf3Dy,50000000000
14SzK49TrfzZX8pNeQxC3vDR2Xc2vx1aTf6cGeMH1DM5Rwzw,200000000000
1uVH2jRXVUyGzM4jaP9HYjJNFpfawm9kpJ6uwoAGxJZ3uq8,250000000000
15zKhvyhCSJoBvHnfDKufoky23zvS9PdHDio9AJvsfWwGEeA,55000000000
16SquLj88UkDz646iQvqKcDY8ToqWofR9wi6s1o3xFVWiPam,75000000000
15GkZfYhEkhqVCpb4BZRQWya6XBTR7XedwypPfViuzPgM3jL,200000000000
14ugWYH4NKeAGfXYFyC2cV27WPh6RqeijVDFfjtKmZoMAeQz,50000000000
16kGg2gwNLTpwc5wycNs6ypkFrXxZJ2x3EC1evikQedEDaK1,140000000000
13MQ4JRgJfyDyGxXq2rGS3MBExmGzELivazPe2hwkNJidkNC,60000000000
1584cyGsaguVTHDaageLKfSx2epb5qrGNvmey34sHTbr8iCD,53000000000
148U4N8s5gsHEc5hd6cMz9jgNNht5vrjzrqawUQEfnkwx6S1,500000000000
15ysyFwWs5RRgz2fpe9S5qetQL8uHQCiqUfFW9XmoRTjWnNf,300000000000
13WNFRCRk9p1GQeExx6fE356CFkAnjweoawpY5Rh5QqDuWoS,500000000000
16fsymVc7cASbgnfV8wCH3K83ZBYhVeewDjJYSHZsUriwG5z,100000000000
13GRwu4iAK3hcRHfRcpttigSsi5ovBD3JFygU8FdmBwNsqL7,309800000000
14u46BhZVArSzaXqPRDgbRY2NDZyro2wskCHMsBSdyeersfd,85000000000
1FDV84x3fM1xo4S5KHXHpUgzGaEAyLBs6a2kumjZHCaWaCz,50000000000
13battL8N54aVoGo8UuQLMBoJdtdmJtbGyUJ5vESDcAYw6rg,400000000000
1311Kf7S8xVvkcMN41MLoAcfFTvZsNzqnTQgZ97mdfRB4nam,245000000000
13C1Gh2zSGHVJu3Xea6oCQdTFzhScjmS1sx5JPNysaqrH8cD,300000000000
1HfpEufNGn3AS1serJHadEbbmAU3bZ5xs7AX7WU3nePVqfU,300000000000
1xg9zHs1PGVZcESPfJwp3jpEkfE93QKKfEPxxieG72hFFLS,60000000000
15dUdhPi5AmFuaQPVU9vaJoRjgU7Me5GWQqwufzjn2oAocQ2,50000000000
13bULCEeLQVDeWbqvK5QUJ9euHytF4oaxfPcxPbNmg2uv4og,321700000000
13xiZvLbEkcEEAWDApjG9FxYFSrVpBtbzG1BN4LZ5CH4Ggso,20000000000
14zihKwbdJQrPpCx8jYnZPu3JuEyZ8C1YAPSvsiD6CxKYPpY,50000000000
15amSFJtBsAdxCadDShjpEYQhTHeqK4cArec9GpLbNTfxnJe,40000000000
15kZ3SZuuLM2ZtQmBBVkGUJ25C7bojKzoEhj6hfyzxeoBmuT,80000000000
12VZwwcenHCfDp85zo9xjihaRKd2Mxxxn1Kusi6u2Vtk3cr5,200000000000
15a4qbrXWC5v6NzQx5bLxYKtqmsD5MSAEfRoE8Sh3zJUacs4,50000000000
12vKdUzLAeKcGBWyeRrDxS6VDPR5dH7HDT1nJ2Da6LQNMxy5,50000000000
13EfCyXTXNfkiprfisnWDCmzxDQS4nmeDtVm6hE8KvLsX9Q6,100000000000
12TSHeA1bz9BynbZAPWFvffotNatzBTvy4dJEwYmGnt7rVuJ,60000000000
16dULLxueiyqjvaQ9afUxUpELHnU8jZ289ggENU87SWyDFKf,200000000000
14B9tC9tSqt8JQrghwEX7ejmXfXA4cPYV5HUrRPXAko215QE,250000000000
13R3gYazBwnjzJ41P6TJBmzJAAJCezVGXVN3uLRDrcfmLAwQ,250000000000
12SzgLNXZ9CG77L9zDH1pGs4bjuXMwxeBdKqEHmNnaQUDJJq,880000000000
12skT4dW25GDn5R5WmPf1GWEtr3VnKRch6RqTdhTycgeZywx,50000000000
16A8RPPBgGnKH3Ns7LQPdYXmkDtotGKzDUCdRNkssX4DKeek,50000000000
12H2mXBWpzwjoyEZu2g2ZoDtndEpV33HSBaYhqUGnYvjmexQ,2000000000000
12wziNB7DLJiwz6JvL3r9rPqWgFurJg14QDBtJahkF7sMPX5,250000000000
13Mkb5VnRPpr1ptRC4qFTEq4XoNt89Rdk6Vvv5iaTDrcnHov,900000000000
12R7NBQdHJsGGKhcYb71EPtCuqWaPrjkcBMUpLUw8w8zjcxg,420000000000
15qdvq2da2S5q9dbg7bQTXrEvQuYEGzGWW5XPJFsS8Ws5VH7,190000000000
1LUbsHL9nLycwTX38yY3XfVcRHujRt9EK8PZcTdQEkSNeGH,2500000000000
16MMkrvXksntCRPfMPoCqPccBZS57osbxfzgjEPKUMPJi2s1,100000000000
14zKZ9bNDp9aEskuZC1g31j9AvdYyyLuqBYLoWHgkkfNbxh5,150000000000
16igjVeGEMYFweduhemRnxai8XMym3ZRUbmTTsesh15rXANt,450000000000
16K1sPds25UfyJZKa4LsRap8kWQsJQuvyADDiTDcR8shxT9E,10000000000000
12jpyGoKGzGVVCPGZ2bjdLDDdoAZP2retQaJX8dg7oBjSVn7,150000000000
14x5wsPcwXnmc8AcQpV1QCuphRgDFZT59yrjAjMMeQikHRom,100000000000
12px7zyEUMwa2EWzc9DM2NGXBAkwxLs1ThHb2x41vT2y3M11,50000000000
16XGuK2waooRKhaB9X8njn5KFZjr7CRLgSY2rT6dTjKLfmJx,50000000000
16J5cZXt9BhUrve9dz8gSe9U3ZzYPRpA8S8uBcXNWbahYdZJ,130000000000
124BkvSYjQabCcAoWo6pFXRUtbsHpqykbUTdDNdnZkUGxyWX,4000000000000
1UW1S11C33PTFZYxsBiGKNEtRrX8doRLoEw8zRUa3KRpzU9,2000000000000
13wmPbDMix7bnnYFU24n67RKZNBTJVAezfhukzL6SV81wy1V,89000000000
13aWJANpxccPunxjxmWAnAyFvUyQj245vdAjK5og6MuVyoTX,2000000000000
16FGMY66ZKobodRz2r3waNCtPTWFLBMVAMuf4YLe75nj9fie,50000000000
14KgJeBgba6Xz1Sz84UxGhCzxy8FuEUsnEznX971iNfQ3uLA,150000000000
19PTLpvUAjbYk41BKVVq6UBRsTt7QR89KMavw2schs6z18D,110000000000
13H5UkjR8w7U34htUzDVF92xkL1YjmtmJdoiMJfkdtF7BdWB,100000000000
16ApQmusF5iHKh3sJbPQimnkXfg5ko5F9H4AMcn3Hk9muryo,500000000000
13xbVURMMXExEMYq3SqZrDmKzG8f8LdhAREQjxuZmhqPTQWH,500000000000
14omQLikED56gUCGHCMof8oPDTK1dPtyawqQopxJQM5SKiVJ,115000000000
12rtQZgEgGnhAdZnVhdbfL37XuExS8SzUHGBwsv4avzQSZBA,200000000000
1dxQNJsT2pM7UXEpk3SrKz3gCg4Aw5zQd59DmwHYFZSThzb,100000000000
16dQBaBeHXZ8mpwo4oFr8ACRCPo25HKwK2QWEjHLaXrZDLD7,200000000000
12mXfz9hVt1DgHcSF63vhH6T284dWYchmQDdrfkVHATWraib,314000000000
133gWQKa7TZPoe1Tvb98BzT9iuQNepMnVegnyJSYS6x3zmgA,9950000000000
167YahobaNUKAPE3tt6QNRoStmZmBX9vmPVEdkMjf4vQKJgL,50000000000
16QCXDxNrexn5sFANodz6a9PiTDLE71GkMrbBTaCfspsFJ1f,50000000000
148h2kfmusqu155VDBWiugQjVtcnZwuzT9czAtrUxFbU6RUv,750000000000
15uCVJLSTTu7AMYSm8bHSs1pYiJrZfS9X5o3eJPBNTDeBX4m,124000000000
147z4nHy7csqwbzXAAWZ1KM2nPio8EhbtWQQjhHgJ77L1rpt,50000000000
1x6gY4rgQeu8LJMseUTanazxCsKqGa1VBwBeiefsRe1aqP9,50000000000
15rVjFveVZbsWDBh2jPdRsAkfqvsaWi1e4ZhSygu1v8RQJUY,50000000000
1F8ivkh5nMM6KBsufM1P5cyp2HW8Vqo4BKA6PM7sxwgN8Hn,2070000000000
15uUAZDNhaAEiP7vuxXnpH7gszvVA1NrUmRgTnDm73TXRxZb,2000000000000
1X7GyzknG8WiQ3kZA7rw1DczaaiuVSESxioTS3keDo9h3ur,6600000000
16g4VyEZDTekDweXddXx1cAw1PAgV5BBriML6SUDY1K8x7hy,59000000000
12Sz8WzVueXFuYShxnrRULn9Ckq5ED2DgsXjqMVLnEXWJC9C,950000000000
12hJjwm5gvzC7Bb7wyjGswJpnx4SwELnQga71DEPsQnZNPfj,195000000000
13wm1m4mue8JcNn1ygE9hyvExFCxagdG7ynYu8ookppPxisa,20000000000
1Cg4zxP4wk1FZbZXhCscenTMmWPuDQ7tayNmE2kvZjSwj9Y,50000000000
1WGoC2ZkAazN4aMTwCmmCro3U5GJiLsRtHbkPeZUs5rwcVw,5000000000000
13moqfA6b7UZj5RotC1FGx5Vc7yagEFRiZjo5YDQkzzghe6S,396800000000
15pVw7Uy1EHwWEEWnzeq6q7cQzy7hofNRk6FXUhXEMq6GKtp,50000000000
124UMo3zXfS6wfzFib2shcgzwF1457xsVYBv5VhAUsDgRLHT,50000000000
16ARTzn7oePQBccTQUnrVwseWaBRLctfiZZYykkY2mjoW2X6,90000000000
15V2Jff1orejojRC9TR5R1b9LVRMpv3brNV4WREVYKLW8v65,70000000000
1xPB75vRdypQrCdsCUA2x5ADuXYG2KMpL6EvHqLjvw6w2jz,150000000000
15tkSpDbL9ZxYDe55ehfgvD68pT93yr8w6tZspTBuDj2QLi1,143900000000
16ZuMLxqXaMwcNN7H3KLfbVhPntPEMprjkADgUkbv3ZjCDyB,50000000000
12sXqB94cYENfhwiwQRFdCmvdVdk3VFhPuuipZCnLEukFnAS,60000000000
14895nSbiT6tMTxiatNHBT6jvmYMm4a5DinjEKr4aXGh6bWv,50000000000
14AfbHShXxqv9GNuiH97PLHctfvR171jc6k7uHrCC6R52wZy,100000000000
12efpx7jjd8DM4NfWzqsAvSKFWF4urgxAwvJpZRY1ooaSNHb,292000000000
123XetWZvPWgoyErmnmQ6BKPMs9irgFz9gvQiPw33XTyZwzw,200000000000
14G4DSZjNy6A2oZV1LU1oDqXZNRNuz4P8mToQ3dwmASCzdu9,1200000000000
13KxkHu5U8tfMmEaoccvtmJTZLyJ4QJFUfXcVFBkKgvFhsde,50000000000
1t3KkZkt4nvQe5KqzURTFaYN13u1YbQJy7Yox1CeFZvTYyT,311200000000
16VGNz4wZMjahz1NzLfmz4sDdpJ6Ankj1GVarQf9LqWr1GVU,90000000000
14TLzt5gBECAo1dkTSfep5rWmbj52P96DgLVNYqfRPGNdXRU,60000000000
12UDB5vWsdSsarTVG9vC3LNaq2SHkSNqmGn8HpEufzMN32DQ,1000000000000
16iYn2J6hyhpd1pEoqAgQ4fsmkmoCJsKfKNBqWagzFUkh6z1,50000000000
14xNu8aRcx9xazTSqmJ578K5QFzf65GRhcDw8uzUE9dQWN4n,5000000000000
138yBViuU5XLnPiJhfCYmbsNL79gY4mWovWDccjPXNmbEHtV,130000000000
19hBWYoqFvPM2GnuL7fDktdLxa6HhtnTtoHpjnvdyFb1H47,160000000000
14Snn2hTbkArEUMMHod98rSAqWwMocDfoQCRxzMEGy8NKSbj,100000000000
13MSDQ8YHgviiQHwW4fCC7FZ2wRTD2tDZBgum5xRkiYBatTF,80000000000
12QqvHXuaLuTiFKrPW4qQB25AA3isR7HHh9dHxerJDnUFzLZ,100000000000
163ADbQed7B5R2Zhz6TUWvRD5yqUSdrx6itowapxttBjR3TU,60000000000
12Ez6vq4vxJ2Z1WeXfJd5vXgBCNY6jgGkcJcK94S9HLgB3Wq,50000000000
12YCTn2yK4HQxMrnKsa6PYHQSVpPPKq1zuXja2GRehKYhF5a,50000000000
1FH5qHScNmrwSoH5zGZMUQXGvqV19KaDRWEEjagtRuFnTqX,50000000000
12NkQYzLewzjqf4voDaLseE862JAtqQqzG1WxJmKHfbmyiR5,120000000000
14DF4x6qxrL7ckNC3c2uzLe9PqboAAwqARwS5wfiXtqrvjVv,500000000000
15r3GFZQHd3ciVWbvjVzo4s7M89nDoZ5W1FLjNZ92JmVdx5V,50000000000
15S4zTyARvKsPmw5mdJ1NZKeQMyTxPLjRHu9fwzjp4FjNjG2,400000000000
1vCsfu7aRy9KB8sZk7pxanpxEeBtF2LHkVysTUdHSs8jbc1,200000000000
15tQm941MCnFdTC3kxVLWee1VGTtVrfL4R8AYzpYwKnUXDa1,58270000000
1246Xz7HuDuHVSprTdcsXJNioXndGo57WQ35tr4ZkWUhAL9A,70000000000
12EejWA8GCn4KHwYuyRMr3pwFW2P3wotto1GWQNmbW2WP4Ms,50000000000
1KemJWbTaszo39JVaiqQqYnh2QPrpSTjw3GxzUvm3dXmbqU,1000000000000
14pYRXWKAk1eCpwyKykpAQftqban3uHvoV5R4fq4HMgLBv9,900000000000
14TSm66hDUgj9B5WvFk125tsWTixMVPHD12zuE59W6mrZRK,80000000000
1niEpNkwkU51n6AF3x5jW9VfENq97u6WgBcteXFvYxPQc2w,1000000000000
12Kus5nreaqcgWjtudYvY21A5YRGjDKWvqj7GPkpGja4iaqD,300000000000
13dJXnMem838gCXB4ie2MwV2AuJo21vyW33kpeh86U1DKqT1,150000000000
12NvdsTcjbA3WZLFLra2TwEe4pyKnZ8G3GXD93FHmhQw1C41,50000000000
123YiNfLK912S7b3frLYEgiMFxsCxRLCKipEavWJMNVX95ED,153750000000
12sZu5HC4Kpb8dNcc7sqQ8sDkQXsgX5hbTb7WEspAPdPbkPk,180000000000
1EFn1ezFAuUKArWBcf32a4MCAHowkaGZpHYY3CACmPRenfW,77000000000
1QqpU1MeWz7hokEABkXZ1mQ992nd5sa9ymhTWAFsjm3g32G,50000000000
14dZQQjptr4PZ9Ew5pGkHYADr3YGGMu1sNvcMZtsRDTssbcX,300000000000
12KH3mKSf1DfrE2QA6MGcE45ai97qgc11Ha3a1BJQN9BNT7y,300234000000
16LTUG71rrEHdLiTQ3eBhxh6DPdjFP6eLUg5YW8BmbP2MSDu,70000000000
15ho2hVkCU47TbmujMtDjWztebnSwyPUUayCpTBwTuLnzAuK,50000000000
14pajbwHYVBu1NyZMnE1jjY3EskvBZBuwdm2dKgFmpdvWJb4,300000000000
15UxJEi7Hd6mYPtjb6HSYvFGbymqLFrWUzYc3B8YGBMXWnhZ,100000000000
126Hx6kDFXXjAY6jUZePdsSwCq2zVqF9sW3ZAxYQbW4dN88R,80000000000
15rc2DrfSopDnqMi9GCUtekJfQEetQt7mpQBtuVsMwpGB5k2,50000000000
1uX5BmxrPTh2Ro1PQU6tLin6auc3WHHd5LeyeM6DeckFPoT,100000000000
14165nq7kygLnWMMoEim3mksCCGsrXVB74adTi2CFVWzMj6X,50000000000
15d1PgNbmD8mLDd9RGqSwgr35XMbXf3aTyb6KDkSk3wQhn7b,2500000000000
13zNjDNvTk3BAywW51YBrYB9jiXYz8dBQpy3nB1o9Y98Jb3M,50000000000
1467zTnW6LaFL7kCMMv4siwCztC7ZUL52P44FCLSdENRAsgy,150000000000
128sPY2z7oSBaJdF9YyuBRbN8TN3o43vVcsooxMZUbBEFgea,132500000000
16VYz1xtFhdCYZ9YBKWmaeZEt4zupYCzeYzebbeqiY7SDVV7,500000000000
1KkfXUAG6MXiNwZ3bvthracgZfJu6tznMyEqynpUvwfr1d6,50000000000
129dgpfvSDeJZSmbdHGKLxnhB2G4FESZS9dCLfVtnSBMp6jw,250000000000
13m87yzXnEXYU6iBxMz7FB2JesGfJYR7WVgfuDjibckHoPtW,350000000000
13MUinnr2EW5Af2MWJVHeHEvy4ix9NxW7UQb4mYus4fzNGnn,50000000000
134B1Ej398ujR13GHgLzwmCK3taBEDrBGq9j1L2eqTgkrnKy,100000000000
16iMwPTRp4rjUekkJjx9jAvWAuHnsT3ndks5AYwpoZ4Qe7jB,150000000000
1317i1AbZ6NhBvYzRFFyiXZL3ps23yef2LaYAA7cPr4h7RX9,50000000000
13dwpmhy6pSAbg6PTLNkgwjbZ9tMrqqYuJr2BPFXcWRYYV8W,100000000000
15w5iNzCnCa56NK1AVV3aJhPdTvEqjkuchXzcXBE9AwC49RF,50000000000
13NP3XSw3yrGNFX5XskCf6X6zcrQo34KgcEUWtTsA4dpSR6R,140000000000
13zrWcDBZo3WDXhKP4WqEbPiqxqMgzdem1B26ZSbiVJnSmq5,350000000000
16Q5roZRAiQA45o4WiRsFWJdVwmSxSC359YZBKFkBxyJPwGN,10000000000
16dLpnpQWgxrtgWNtmkrXmCyZDwB6mLBZe6MdikZfQSJwynq,8100000000
16UxtsoUdvuAmxAozvWhoPKBWLMqvZBvJcYUPqorJDk43zse,89400000000
1394oEhJRXkwfneWsxNmTP65LV7atEL4gg5VSvT27EADWYPc,50000000000
129k8qyP7sSHVPpmfiyGVGUiuH2vybMWJSdZwGw19v5RT7DT,50000000000
15zinYE38nKcG4rXabpLpLENR4N5svKr8xfGMTJ7pQBztCUW,200000000000
161YF3nu2ZDT2HdcyHf6W59XL39KeKRmwuutT2uR3bygkACw,100000000000
129e1Uz7EDufmqVTUBnC7bn1Wes5ZCgCZ4g6mLpQPYzf2sqR,700000000000
13BWR7PQLzqK26aEmtMTtfBHGpevA7ss2YXC7dHi8fynMEV5,768000000000
1vL3DZJ8HYde6tev9ezZXCbHaDr1BACKWCUchy71XuS8Qpz,100000000000
15mZQfLfqUBAFitS2oaPGsso54vfvtnVRu5HgKhzQJVnt431,100000000000
14wRMtcsW5cf7YZ6zi2LwKsfvAGzKMwuoQBEbQwqraqxhZDb,70000000000
15fiJ1YTvJej5uFtwntMHksbBGvEXAKeKsviSTizi8rkMsXx,43000000000
155CFo79w6xfkafB4yj8Ak8MbYJ4anKaKT69vbsrF4anPbRp,100000000000
15VLBWvwd2M6jEbFXfLf1j23otMFcT1Zrx1TBYpLEpqCFuHS,8700000000
19T6BbrsSjTfe6tBtrD9MpM1M57KALbfAsZFuACnzrZGmJi,50000000000
1ruxKrJXP4pwvrjvxx2mdqP1vbnixzjnzvvFb6H9dctzW5R,200000000000
1X5G9is9f1GugKMEv75F2wL2KW3bT3TVDPN8rsF5jq4SWyU,1500000000000
12XXs9QgJ3UDKNDSMHY4gvyea7vBDxP1oUi8tX28nLtJKvAx,50000000000
13jL3qD9zz1KbtXaSCVhqVyrUdTgcntnxw4QawMkN4rPK6Vz,50000000000
136AHGWcdTWjpicE2qPzWVbiGi98NpwcDMBgck3QtpZBRFBQ,700000000000
12N2B6t5y5smwXfQsQqMYnSanyFS7oPxUJqDmVNoRvJfdDnW,250000000000
1k5BB3zBBzVVkBJp25hURda7kRH9Rn71NeGiurYu2xhE6E4,10000000000
13Q5LQmqL75kuAxv93UVAbkWkh7u4xs2CoSYFpxWYBDy33JH,50000000000
13xGcdWnwU3gf6T1HZeRQTuRLuzqZPJKe95mSv4Zias4zSoE,2000000000000
14W5k1zWhgsU3nDhKLxUdxyW39seqiJXe1kfHzSrgN26SmG5,1150000000000
16hZx9FDN99c9YmGx2qeVsyUZrYSC7sMYZ1vSSvCSbHAQbBk,50000000000
16PXn5AL1naNLJCi2aC1fFMjYDhT12KXvdQebK2wGX2vZQ3w,60000000000
1535QbTvgzDgRmUN33hDfbrxYFaueisymhExUeTQzXCtMP8s,183000000000
155hB1trRNAaXQ1GikX8NjA18y4GJ34gcjkXo1zZBLwFWxW2,150000000000
16cMehYQoefDYRx7fghWPLCav9VvKwKzaA7UrvddVJQxpBi2,50000000000
15dBUs6wXacZVtEfCcTWn3pbzC34XT77jQ25PB662cj8PW1t,50000000000
12jk5ZXMahARY4Yt8royT5tWNYgJX5QqbbvbnzegBLVB1G4m,2600000000000
16Xh19VbxUP6Mc9ib57QNEX9dnEaycgGduyP8UU89twyCP1s,50000000000
13Gto9k2KE9tbMh9FEdK9Cw3KFfEs1hvEjaGAdfmzzAk89gV,50000000000
15XYvS6AaQER3FPQ16UszPf8a66WYqCtRXye8JdrWYh7Xe4Q,150000000000
15SfT8bubUAVD1P8oQfVMfbQFcV6CMANo4QCbaJH6Zt6j8Wo,500000000000
16hmwqHeQ7cnAF9BvEPxQ484bS5ugKiKo3Yib7CCGSsotgpt,50000000000
1KYySYRYpBeSYrTCrARKQtP4muBcpovUpU5mPaXW785mQi7,110000000000
123f6DxEd2ASsX9BrdEnZD5dspYbxbt8nPMjfoTqACeLCaHW,350000000000
14PukhApZt5RoctmxuShgpAzwudfHod9QGv4AMiARM9rm2NN,110000000000
13Yna4SV1AibSeH1CCzpNjShTrkhdttqA68Ngvw69TixVUpv,1000000000000
1EehcyUMdMouS4vF3QZhR1hFWfscEAFiViF9K92Vu5t4FBN,150000000000
13mpXHXAM8C4jZ86PS9rYARce2hHF6DSbLfzPtYx8jfjnPZ8,60000000000
12Qt6uarXpSxoFNhxdGH24JJyA93V9wZ3do8dxBtgXDsYUfR,50000000000
12KcQHssoJ3SFaDP7ZDUmeHsstzvFDu5zziXTonGDfQZwgTM,81000000000
15iznMWybmhiJPQ5HMwH7Ug2479sKbHcFpSMkPe9gLr2ifUT,400000000000
12F1DxhYWS3ypGoFDm9TuPUdTrjHUhvW8d8fcgmmq3Cbg6sm,50000000000
12Qn5jGDEk3Yjsp4rbEoE4MdYqBGwN42gnGQ9AwdCD3fGd7y,100000000000
133sF61KqtG6UGXQtbdoXR8MqDajH1bseriJb1n1f6fpkdkW,100000000000
16VPSDCAQdYwDiM1aRDXiGRQzXU9dXBfkepSmW5eWbw2qp9F,2000000000000
14zcKW7WGSNS4RYNvXYop6B5L4VxK8iSmn1sZ1gnToeSBS53,50000000000
145jkTsLeL26fde3mLqVcEhnRftxhfcVxXXTUNh5SMHAYceG,150000000000
12YqKreN1HePjzLbvWa7W14FAnwvazsbdytWQWyjcqtDJt2H,200000000000
12QrCob2DifbUyPMTChD5nYPqKoNqhm8HjocV6NntXA6pMRe,80000000000
1dt6Z4rcpaUSQeoNBPsngAQfeXGzyfbEeqoC8pC1miKH35c,100000000000
14iRtG62HY7111E4EiCC9JGiEW39naHMZjyRCCv4UBEvAJd5,150000000000
13dtzHiBcucfdAwNqJn7jJwZ4UoiEAUM7Fowo78hjniLTVPA,50000000000
15Sar9NX6xMtQXgWiRocNSf28D51Byp6NE8ZZUj31LdXMSp3,50000000000
164i7DbVmqui4Xv1mmhF5FYhXvFb1LpES3xz8GxPLcG4LWtD,50000000000
14yp6p9CX3vs3YJKXawQK9xA61PTuVv5dGorNxug5fDADr8b,50000000000
14GcEiWgxkoWPAv5xE6h1BLX4Sx4vxnNBwtDvqaS44me9QER,90000000000
13Qd1Q2MkmT9g8zh83M2iuZvQvNPrvucDUqdeYBP39etXotz,18040000000000
13Q2A7LikVWVp7nuYjYsfyh9Yak4rxSngR7L7dykste3Yab5,50000000000
12NoA11A3hN3T4sApcy9AwsjqUznmHsxjf5txT7YU93CYsBs,200000000000
16AihXkGLBWzi4hpmWj4oU7HAmUkFCsoTeSApNL97n6iRvXS,700000000000
14jJywgLfrg5mYzXF5xwvjSqCJJXEma64oyvYBaVuVyM2qtT,50000000000
15wRp7A54q3tvwFAzRfLcpdQoZF8vcuBwH8UrSiCiTsiXmNF,50000000000
16igaoJFhNNVP5m6rrQZHZWEVafCbfHaKr6XXEBxEe91gMWv,50000000000
13g419PXafLFaZVDtTHUD6rMAHW8i5RBFejL8jFeukEoBg1Y,100000000000
15dMcWMSAcUFYGBS94L2dm5TdGiu4KGEs4VjpQGcWuXStgWV,215000000000
14rCdoBtehot5JM2mvAZEbhK7bQHJPNQG1PogGNZt83dehzr,200000000000
14uZ7DH7mASK7GcrFohbh8kVDGD65KeBwXCotyUhPqRK6QMN,100000000000
139FaoaMS3a3qm7B1bo3mRUyWtVfFEE8kvomWman4k8tNSQ4,50000000000
12sFPkbyL3vsWN56fArEWHtYagQWHjQNFgzLrtXy8EHR8tUG,420000000000
15desoEJ7TV9jZFx5gBTFqWxHPmVGq6HvSv8JgzHTLFsEUjV,214800000000
1gP61C4MXP7jDaP5hQGac3wng9XnmHbom7Yvh6nbodbp5db,50000000000
1URyq3zfUxXf9ivjDdiMnoaQUQioZyKbtaBeqRoMr6dk8wY,400000000000
16MdejENH6PD6vZbJt7U3VGTs75uwB4uSJi2pqnGRdayW173,50000000000
12jgNZ5TsJZU1PSmi1DJ3Fa5WKhFgUiYAEbScMbVQUmkZq5K,420000000000
14MRNG1YMeMvHTgbqKDA5vZT9y21nyJ7dUUtky5Y42tfQ6m5,65000000000
16fB6ffEBZD19KRH64X8RosvoWSM1j1TFZtLE49JWiqwMFoy,200000000000
14mFd6uLTw7LogBwAfQ7QTZFDSq2g79PzZ9c6r7MRLohHZtR,50000000000
15Y4MV3Pkc9W6bF78xvH5pNCSn5hoLiVpKmQAAZLzzGiByh2,50000000000
14MiVigzHkqpJQPN3xKLu4QjV3Vw2mLMfBw8WeHDUBJBj1uv,250000000000
1R2bXsnqE273jZW5MS7RgZDvYb4gdwXZqMMVaqobW3jzCU6,85000000000
12C48yxDNCTbUBDzmEGwp8KmBArrj2p1iBEQx1DsfHbgioK8,100000000000
12bRvEBu9HYmxjgh3eZPhB7yepRdGXa6TimSmWzHUBYkuZ3q,300000000000
1qCW73RL5EvDaFE4brfHt24U3auR6freNNXsSnJ2i54bUeK,100000000000
15cuWXNwYg8HXvLdDuLc7bTbXkGSMwSEbNQsF51iqcwVvCF4,50000000000
16ktWj28Scyyp6z3tE3osQ9tznfs4JoYqkNE9qn23hQUnbTL,600000000000
15Vt1qJfdCUvH9c7dz22kbeJJQs1nGkspVd9vuh8NvfWn2S3,50000000000
121fKaSUhwB5eBafR4Et5tZafNbEs3zQe9itEuuZ75hPYGaU,97000000000
158vPLa47Dq4rk1Xioty2RXzmW3AiZmQeNZ1w2ZGvaQFuXHV,5000000000
126TsE8Dpb5w78EJYnfWeH3cetAuTnrPUEVcuSXc3DSQJKzy,900000000000
14YSb7Q9X86vEXd9YXZgeo8aukCziEXyxQaKmkVjPfGzxZar,170000000000
12H5LoYsQBniC546zf1FDa6PiLRpXJ6sqDPEEU6Kqup7wH6a,50000000000
124U8K7rgdDCnramhHrWwM3KuyqxtqpUruha3hSRRJzdu7jF,50000000000
15314YiH7RdhY9yPJNjpM6GnWLPdQzfjFjHvnBEsCQ3vJoQE,50000000000
16VZxiZKwCsz7EC6DoKxoY6s6Y8nvdGNMGiCtDkvJpnBxLDo,50000000000
15Xfx8Hos9VSPxHRYPLbWZf8WZi29s56Dwr3KvFX2mk8YWdh,50000000000
14rjeFCGKbB6cPSVvkenVXLQPdmQt3wUpjuK7BgUAT14dF4W,300000000000
165xcaq3oteJnc2UEwRiCnoTDcgAfBTR86hLefHKbpZs1Kt9,250000000000
16PE4gwCizuZBKkqJKtgbV3niy6R2fkMeTjw1MjwZSzQt9Bi,100000000000
141JB5Ba24hP2nzJCVh9Y65PALVQoSYThwjKiJCHrEJFqgXU,90000000000
1ePayYaRwSwq2FpAZrpDjsLfF4DrYEBDuev1Jd4FuY3sVdb,110000000000
16JfyCULLXiTiUqzEdGUUNETJrgKdLcfDkoc1RLbbNyScYE8,50000000000
12bm6L3j3X8YmHaTvLz5xRcWcb8EeLgX9HmBawG94w6fsKjg,50000000000
15iMZR9mtYbVEzxBeANAvrysVkzLsZ2Ka2cYo8LgLQLeZvPQ,2000000000000
13uJfnNTdVu2kd4m9G4Mhxc5DnBLrdbwrscayaqpjgG6ScpV,50000000000
13MvMgugaVYTXEfRiAn4zH5zubJEtQUR4V1u92Vm9Vsqh7gN,275800000000
13gSEWizLdPL7AfSTGCE78YMXr1SRgomM2zr31GsLRKrTwHX,150000000000
13xUNy9emphizkk7P5hT77Ha86TLkoHwdn9JpmXTExnChTCa,170000000000
12pfjd52e5UYmBdM5AW1hgXMccbGyVRTsaum5RorcmzoTFkY,50000000000
16QM5TcC7s8qRtemzAbakYw4VFBJVfZd7fzn3TBfqxtJfQBC,50000000000
13n3GruiJ8EvTPMyRRU8av7vUniXrztRpQLBTG5hCpREu4i4,8000000000000
13VPmKArLkaPgbW9kpAAyqNaCaKTH3P7rNND8RRyY2yQNf6v,130000000000
13oqjG5yawvSWLCnsTQQgWppgXwMi5qbFmtFuzu1LN3utCGi,13700000000
133DQ4UBeicT3A5vzB63pRs4Wo9iQCUHcEHT2V2iDjfcducC,750000000000
14Vc3SY4uFxHCZ8XVtdG8z9iD9ZTmpoDWDvyS7AyfgvRYFZr,320000000000
15rHiXCfLepoKoiKn4HfwDuBddSUgjQy4gRezqZxvyL6NhFh,1000000000000
15KGQYXxzwvMisjgPVMyvJerZWEHgXd2ykiN1MwfwakGt7EH,50000000000
121sCykbsMNeg73TDjbUQW561yx5QxdUUoHReWtfswfCFXFn,350000000000
162TySxQR7NGY4Mj8gWRyh4HWfUjUVxVqzpNC1fBCrA8ypCy,90000000000
16dUYGsxx8htFN8FsJed1QzLVyXJJMC7iJTFY8R5DxSQjSCY,320000000000
12TPJzZYQp9qxdUNSHzJeBDQT43XxafyyhSxdz4bxKXCSuUQ,90000000000
13MiQfvmZdw9vxPEShx9QUv5JcY9EjjR38UtTCtWiCnbnRZh,500000000000
15iKUNRYwSGrBpwYhyHByV18YUP58fLwAuGYtbiibHzoMgwR,200000000000
15XXhwZeheQgFCBTDBvUbcoUTM2z5ay8ughw5uuw8heKTpSv,1000000000000
1uqpAt4KYpiLx22saJZK4jkJvFf63CESb6GqRKc1w83umqc,80000000000
15Pw3dtRpNenARMzPRGxVPk2nmyoPaDdFBwZUgG9UTtUvPhv,100000000000
12c5xvCRXxRBASXiT6t6bm8LwfSGCou61jDH9g4PpPgKV95p,75000000000
1t5s4dyJZj5HbXqRFuVYrHPGhd2oveBRNCm8tYwVasGg1GC,30000000000
148W7MLESuCXQ7zxGnc6KrdByWLGVQCgtdYWsyeSTTZjAN7o,50000000000
12diKn9pFZ7VESdvXtGKTWdDstiQamT4SKDH3nmEgSMJxgFd,100000000000
164tBpYe1BqRpLsTQbZwyH4mohLrQMiPdT7wXhGv9jvHFVof,100000000000
124ahP6eNbHsQ8R7TdMUMhncjXey2Uz5Uog8SSE4P75ayvd9,400000000000
1ukcgDXjkRU1MDA6MgrySVd7HTwMmzBN9MUr4SEayEk811x,100000000000
1Tir1HwAYNXNs7zQ63TNG994ygDShpNiHGwsNoDWy9kcjrw,70000000000
14rDtiLKRtYtX6HqMy5f7f3PwS5M1ibU3tdrJBCDK5faKrdf,200000000000
14itkBLz7q1SdrsSLUr15CN6EskAd6XeBUCGxAkLoRJNkdRt,50000000000
12LKibue9XMDFKjiYGp69Lz9fpSQEJg5yK26PHLLkCrgdnts,60000000000
16UqhgmMtQvSZKHaU3PtLq61Q5L72KLHpwvgXWubPt7KbbeN,60000000000
16LTCisZAJeaUSd5XKNbktWT6Qn1qLm53h6HyoAdqpzBDbg4,11000000
14TEQ7cCVqaHSABUS1BMErfcGS9VwEFdW6nprzccyoCKp217,288300000000
13sFedYs49eZFztzYTpwAbgrxyMWPVazpotFzkPasgyoNsBq,50000000000
12xgmEwboirjCQpgphXfACHSTnvB4hdvb4rzmZycCzDKUZLQ,120000000000
1k9Df1iaTTb9SgbTETndUdJj8W77g5sReq6hSeCvUcuTwgC,300000000000
15d32eSr69K4cXDaBGPMHG5MmzQzLoD2fSFaSU5P8eXvedtZ,110000000000
15zGRpwWHzp9SowZq98Z6KhGaj4ZdrLeMVgvyHaiC7gEmgFa,628000000000
13Tnxu2vTJFMZiD9dHT7sPnkWa6XMp6M4a7ja4ALzPXDVr3d,50000000000
1CDHNuNAU9nS9odVtsLQ8FfyaMDtYZX5MUmtUTqgD9NPgT5,150000000000
13gQKN18cQEYFspxZDpiNyShEBBQhTrmg3BPsp9W6f6ibQx8,50000000000
16ZtaZ3JEnSAEUZfXvm2dWSqXrys85rQWYCbJDLKhtAsv96T,50000000000
14gYY9Bi8KRUH6xkxnvkTbawnYTqdVn9sc6G7zB6EbbCFFv,60000000000
16Q1LfcKrnWLhp6ZWWcCDWdfRmQdoL7HFwnamCtVivY3TKoX,50000000000
13iZ8Mq7E9gwBZWb35WqMVXRndxhkNPDBp3UhLF87YexmPWv,50000000000
13b5HRucCwdM2CYtzcpzPy2Vy2LB8XsrgZH1VCkQiyEdmeeN,50000000000
165mA4cGNtmHETvQfWSKznxnDoHqkxMYYwpUyGTk2AsNqnqY,50000000000
16d5sgFZ1npLFMNLagwseF8xPyUkYf9npvaWg66UY6dkSmS5,1000000000000
133fQNdp4djJ6ZTFUxPNGYQ8q2pQXXVBCgpDCkePXCBVDcM2,1000000000000
13b1cjhDSR9E93CTAeQeQ4zq8PpfcKzv4h8cGa2strrvczLA,100000000000
12T85PgfZ21YyC2iFAnZM1nqvqErY8STGeKY7SXbW6My8PQS,50000000000
163L9BUCi2y9LB9YnhtniA2JSrxvg77Kwchq32xRPEkQ2BJb,100000000000
16dJwmqjsVrZY1RX4PY1Tu7aRWNJZVNqDsbjT1udqR2KrnbM,150000000000
165aNT9YvVM5emzFg7KP9Bw2QZCPYM632MMbP761WcsweLTk,50000000000
15fZPvPnv4t8imM5CgtuE5jCBjqottfpp8RiRyxmRM4VmYLh,7000000000
1pVnNfM2Ri5YS7vMZM3txrhZ66qTt88MzWmrqeRxifANkn3,50000000000
12EqhmfVLiiZ1WS9vSrgFAnCQhJukmEbkmwi8Sx8m8KzaNRE,150000000000
16G49X7cGn6AtfTK9aL5BLYMvcV9JsdLyZjn9oJLZuJmNTx7,60000000000
1x8FgpQ1ofBN1jdoAnY6sBRs7M8i2p9vBQfY1UM5innHkSu,61000000000
15p2YraDhKk15Aari6AdbfCzyUqyx6ZVvWUM4H6anwaoqgvG,160000000000
15SnLStjYryzRnzdRpZN49wDumrPMnsXGq2GZwDUt8M2Y4bh,50000000000
15DKBQSDKTV3DjgtXgLv4DdyZqjfV5592UiQJmPg8ez4J6QJ,100000000000
152tEZJMFNA48hSqUjhigTPf2YyJizHsm7s9ubxZRfHnuoVd,50000000000
16iL8WjjwyCHCDrkgMQpC8kkwCq8TPgHjE23fvRKkBgsnbcF,90000000000
13m3mEoSSwf6VaXA2ZUczpGbXgt5rK5dnsUTHh333zdWv87v,50000000000
16kV63oj8e7xHphgRE3pQVHc9ymptvuwCNMQjKjiUeEThpTP,3000000000000
16CiuSCc4YUfCdtgjtW5AEGsJYQyuLccaBSoRzG8EMK6xAED,100000000000
126bNKXQmMboXHJrx4BTFNiF8Zf8Kznvcf5ER8NzhbRGwviE,300000000000
14MWeoRhiAqMWUgFL2em2N2mKGcYnWDmcDps8EaocadkE8Qh,100000000000
12T1mfFeHn8ATG5xDvB46bQjaTGQrzPAfhfpJVGDjmWDfrpN,310000000000
1rvh66GVZTaBiyyGGg63bu11FQ8bTv3UQ49SQdrP5JN9bn7,90000000000
13YfrsRCmg5pyeu1EWRE9vH8J8J7zkFRUuzE2MJygqiF3DnE,470000000000
14M7LZRrAtEXzgu6foA8pngQkALWTYaJASG6MF7Au3kC7yQ6,100000000000
1KQEitiJKR5SnJuxM1x5UF9vauSPzvQPGW9YdnrWpG1HT5e,50000000000
15AowztaZyRwgSqpiCWXkhGJ1C3xWA4BnCiaRHzPP9hqpgM6,130000000000
124GHm1TjAUp4mtqNyCUAfhhoSva5kUofQah7Qqy8MsNP6dG,104400000000
1eYFRY8KTSsNFKbYnAyS9whePZPEgdxX4Ki5nscRR2ocUUH,100000000000
14BWkzpCdQ1nt17SH1pLRsUEWwJ3fCr1x2vRZFchnV2TT3Qc,5000000000000
1ChFWeNRLarAPRCTM3bfJmncJbSAbSS9yqjueWz7jX7iTVZ,50000000000
1268FTnY3mpMFKAcQNd7YjLB3pXccrLPBHNdWRBydf6qnZqS,200000000000
15Y46JdU4khbDFtwbof4mbURG4ez38CEwqcWcKFYPNmRshTX,100000000000
13fpjsc9qGh9F3GMY8aa5CWpy4EJ9s1YmJe5TW9tFVSyc2cp,50000000000
157yfh7xmZXxraqHJkp4vw9z6JAHsyXLQPFBmLwEuDxo4kcs,100000000000
14VJFCgSkb4PcWdJHL8B4hv5pB2UEe2XCNdHL4K87yUAeHpX,120000000000
1YqtF5CkJo8bPTsNFZ1ahXFwrV88a1fPyrit1QGcBWoufdQ,50000000000
15m7L5VUksYdh8pEqW3ieBCst1zx6BfWeSNbiAyXNaZw7C6m,100000000000
12RHdGaUNhHVy5esooGww745XoeEfXTU8F5cAjhysNBKPZbZ,1000000000
1399413kfS3nmMXxMq7sPmri2S5htiTC98JYP6ouEnpMym79,150000000000
13YZkvZ8ptpc2UsLHe93x6CqTB9wFBnNyuDTBRFRHKBACTps,300000000000
14rNKTiZJaCPJEEvbUz8dhvTpiGj9uniSA8eQo83SHy2js3d,50000000000
15Pp2vGX1FBbvyTXUx4RUcuHzydy2wFyhJUAvkPhop2wzr8G,50000000000
15iKVXvyMHQBJYYTuXxo78VhDUZSPsThVQ5AZQX1iwPLJUgy,95000000000
1LdszqEhde6pkRJdaDmLyxLPHBdUAgF1fk21pcLJqxw3qbC,90000000000
12n5UT9zBjf1tbofnkS94B2n5HZQiukp3yQ7gXFEAHM1c72m,60000000000
16Jjy7R3cnznQXLvTSPDAqH9XDj4PieNPeEPJ24ZPr7rU4Ps,50000000000
12NFzyTWf6KnX3DUoWd1dixjnuasccaPncDwaJ3Emr5pz1rE,50000000000
14aZTKEvK9gDunDzJzQNMD1GCHjMrLQhsfCi34JXdJzvrNLp,50000000000
152ik77hJmCpVh8VD6yb2MYvv2ZSnD7evFkPUk3uN1MRqEDh,50000000000
12QTkSr7xtBCHAd2xDzryugnVV33LakAGQgFNYtfTMDC36Mc,100000000000
1vDvvN9RYwTbDuJHymDxYyTpXh6KjeHFR16MhhX8uP9etAD,50000000000
13e9YVHykj1himwAKQtCCVHkAbQG1K3WKuEAjNazTjvW8k1N,340000000000
153gSchAGcbG8oXpGME3mm5Hnr3QhdXyGbD3MzeMK7DhTcCr,60000000000
14Gt1TkHfYVVvZo7FpzUpFSXEQwzSmrvTN2Gt5gcpuHEb7sW,50000000000
16FS9xiYA4xPCfjVAYhQr8xfi2GvAfYtjPSQSb1fpLnjnqdd,50000000000
15iaPoMYmSc7fjzaWFjaDVwXcEc4Vyj7rpTYoJoRBbM9Mueq,2100000000000
14aBYDDSt5KCBEXkrHGv5hRGuL7a6V5f4UeaiLyeAioJjM4v,60000000000
14VSRtciM8zAHX7po1CJJh6HhwUPxY6BxXgWswaJ6P5KE2Q3,6489000000000
137aQ78TFtwRMgViyzocSot2gsQ95SgGBfcJECL3GL48TThp,150000000000
12namf5nSKagCQmtib3Z8TBX47TBac5N7yKyjLUaT2zu6yat,50000000000
12ZLsXTbasxE6qFLqhPUPRG6C5LP1iz1eHP3ubpo4DhxjBJU,1310000000000
124GAyzgoz6NDwMovsXzEU1K8yN2EFzENWisMFZ7kUfZnMrd,52000000000
16kBB9WPCtMVJoPtHTVVXeFsNHYGzETtjsdEhampy6tjVYXn,100000000000
12rpAQ5r5me2c6Bh1wjVceRsxwp8ocgun2eBtA13huinJZWY,50000000000
12bQrR1WyhR91Q6XeRYq6tFWLRt61SuTaimsx1s5FU3jrJjH,50000000000
14gd8JJu7tY9Y1Ln9cooG9SHZhn4mUYhjPeGe4cZcVrXFZNL,110000000000
121uXp8YkwU2QjWVqt8pXV9xyqH5W5M4bwGYKhhAm5kEso9V,50000000000
13Z4zHmTCoeuBe4515HY5kewktMBGWQ4qGuUTn1SgrwPM9uD,65000000000
13gr5kur6tDefgjFUXCrE5H7DG9vHF3udFyR8724jWmfFYPi,20000000000
1muL6gArBxLcrtRY4T1ZdVPrJAMd32osf5J4pDMW7hM3mEi,50000000000
14abJLrV5wUwFcmvhhXnPKbiwkYJ41b5t4MYfQLwSCZp64Gh,300000000000
13BHawXyN2e83aawGyzK1GMUuoYdPux34eVX1ueJStoXdXDV,300000000000
12HHUa7GvLgTEiha7hR58u8FTgoA8MyVPBotqisxZeEe44LJ,240000000000
16XrtSUwz5nbPXBL3EkSWkUCzRnUA6WNbXcXqLcio7R8Mjjf,50000000000
1Z7mBY215NmiyNgUXkMk4ghV2ibsVmJdkqegswtDX4sJvmQ,50000000000
14LxhLztdx8wkzDHtSZKpqmB8W59Dud9DAvvAeVoDYQvLuuM,90000000
15oFuesWU9KbZABnW81H7nXyEAUP2yZMbqNCqXLXMUQ1oZet,4900000000
14DP1p6RtimNKGCokcUqS25nR7unE6GKHcwXoTveJqDEjDLE,50000000000
129YkU4M6raQ5YVFttBFVGieknsAwSR72LBcQXQjmdjfnURX,60000000000
153FDWPh6WS5zPoMU3GiRbJadU7bgP2kiS7ebEqkaBruYTZ4,50000000000
12Vn2xcv2xSffUWAmJVd4ZN4fg6exi3kpX7K4RDptVcgx1t7,70000000000
13nF71bJQbfcjGze4g8HKrasLHMUgMqmWy4tkR8SVDc33ydr,40000000000
16UyHufpM4MY6JyM6TVmWdPx3v9ABDg6iqTo7enQrLPWeoBz,57500000000
12YH8QBMcgZm2nQSNHnrARYNr5wRn97Cjk3ss1LoBhhZ2dzs,50000000000
1EeGHSudCrowbZyD4SVy8BQEWVPacsE2HTDXo223sWH1pAo,50000000000
16apo3MT3ipM9SoFjWssQCp9gGdJHosTGHzE62nsW56f8aae,100000000000
15qwh1G5pyQcZuXf5t42UwS7ZQnts9eMiJogkcV1rxKY3wHd,500000000000
13wuPHi7KKqE3sm6dRvM3ovUZUDdew2NHMRhrqRQnpw16dWa,100000000000
16ABWMvCWVT4xZKZ762aZGzz2eFJXjB2i8SHvF1evRzm5m1x,80000000000
13Z1kTakpTo5s9TRz3QypnsGMy9KmrmGkgGmGef5bLwbMmPh,10000000000000
1ezFt5yM7QryaQv6vsjDwbfMSmdCZf49WncYY4Y4dhhjNNU,130000000000
144TNwmRWyd5v2TRFfKvsRpqGewsn3fN6yo8wnvAonNf23r,10000000000
13u2U2KgqKxNXhEmVwa5VUcb1j9uVPaWswXoHNzJsgAfqNvj,20000000000
1FFC4w7kbaRcJCX9CNsqJnfWe19XCvA5de8izyqTxCiw85m,50000000000
1vfHqd3GfPan7xLR2bg9P1hFjRktmWfrGdAkKmkuSMynyHp,50000000000
15vv3LsfFA7xdEF3Ty4EsCu5XipMA5u49DiAdNSwS97mewz6,50000000000
16YC3xaMra2piespf1TWLmV4Ns8FG4MYefBWHyMpWa8B7BE1,63000000000
12n6dvwsfxp4MxiACgwu14iMTYqBEZvH8W4R5yH83vG6h5fA,100000000000
14wA8ji9KgSgN8U99iQ56c67CfJXzznf2EQxWfRjqB6zkd8i,120000000000
16d4yr3uCJMin7FGfvtbM3FubmmqZHbjA1rjPA5fff1LbrVw,1470000000000
14oVTGatPKzTVGeiJZSEfKeZ5fryWAHCietX2Z6B1dGTCPKc,210000000000
1XRRVG87nCESiUZkttx9nKjg137TbrVnw6u98dQpSPVBXPB,50000000000
1Ehww46mBXgztcFZGZMHc9xoRMsJefxppguVrPkse52fVSP,350000000000
12mUk5c9qUjmrh6AgqysxMEQApNjhJETHF1bSBs5RWf6sZju,50000000000
12UDPrpaFx6XzbMp1xT5xUp6ZEMbYsiLKXZTY9ohp4zpW8xg,300000000000
13uHSHPFFP4YR75jLreg3qJXyxLLV1R5SAG8Z3iFmZaFyKZg,150000000000
16XLz3BeXH1dxjw7z6oJ8hL69geeywp8mMLTTn6NoXdXu2D,360000000000
13tqtXR2QwhwZYuN4eY95BWwqcoJSFdXp7X6YtmkGgtfkfDm,50000000000
1N4G3S3XLQaMSmbSVippowUrzZYX1RqkS7wmW2EnFqcoRch,1194000000000
13B243Kbv3bwUk1uPivhSeJNwknuajnec2tmApvXArDHjKyU,2380000000000
1ujCDEytv6TspdS94WeFpc47tjAXLhRy6EYK33iCehnRG5s,900000000000
13sKmd2jMCkgtmSDhML28BaRWv4cDvwPyFafjzaewcxjiSpH,970000000000
14zWayLk9NAFsvpPwszorg9TEy2J6F4tNF3KsG2APC22ceUs,350000000000
1qV1KyT1YrPh6Vmwcs4DiZNW8HyRZ3gGGrcpKuWjJhbjHNb,500000000000
14TbaGjswwTCChELQmPCE6VGrLjPfcY8bRRuG3ETodVrSRRA,1802000000000
13dLR2PAt9UEcttk2DpWpfG81HZq8BBKpDY93MatviDmuDMy,150000000000
13WVd45bDJnkJeo3P6goUoFt5HJraCSe879pZKc7AXRtJBg1,120000000000
15f9h7a4ihhEk4uwpRHjudd4dpmABidyWT2Fa8bSjC9512Ad,200000000000
16afXZ52qd2fEUXHp1y1aWbUL46w5AH44c8T6475VW34iRcT,50000000000
12Bm9y8ze62aRFXH5dQiCVHY1mLdmRCF245vcN7gRkVs76UW,110000000000
12bGKs5HJJx2ToXBrGfQMpBHwq2d8GwrBmE1ffyH15xKLHks,1000000000000
12KKHxWKJn3Qce3tdSYAPrfDW8JFUbpQPm4M5hRsbUWYisAj,990000000000
12EtTxR57A3wqkzkBQdrPywM7uLCKvrKY3ANg57GLPPSeQPt,100000000000
12QTSQZ4uUJDQ5xLNHfFid1YeLVgBcXvHPssm4Aia1pgVe4S,300000000000
146NtEPVgPDoi33eVV6nFWc6AZ7YDsrWmutRD2KU5WDy1z2T,15000000000
1WuTRphSUxomGhECp8jecsWGS1sxSVHmSiZSgdLCRqgsVjk,100000000000
15mEmp6hP62kZEYCD2TFmfX5NJb1ea2fKFLQWpVj4VZh9DxZ,400000000000
1364CPmnismxEJoQgtb3bd3A9Q2vZSL8PMJnSiHubtXHxKwG,50000000000
126m2XYQAW6RzvLv5dXzy5ztNmiHhNJoUxx9wz6Ykm3uruor,111000000000
12KRRqpedLaGe3Wy9GGXQzZ5hzvfw3zvrukab7jgP8LZS4kC,2000000000000
13ViNfSkad6Ea2gv8dBibYsNrgubNqfhy1WSVSaonmGNcnu3,50000000000
12NyC1YNq16eZEveo9xqAaGKYh6duSrzU9w2XQ3Tx5A3snhJ,100000000000
15w2g5653TQu6pkHe33RUfkixXSjFnSkY226UyZXEuz5r5Ur,50000000000
156Gw4f65i8opL8JKadAYiFAcDQkv4XLPEzLE1rWbHGxHx5w,50000000000
15DT6nqw4S9XxXPPVh7ay4q3YMqf6ohWkPNRLwqiYH1iWkYE,50000000000
165FmgFdcm7Z6ZbqoWPcCr1xprwswrrt5AeRyXRSoKuKQBAM,50000000000
16P6nwBBje3XF1sfNm1pUvCRdifJ6cK4tFBgNf1digkv2uuP,50000000000
15AMqL3nuPFn5iwHnqsvS3fanSA5agdU1hid6zhUTaGdCqjN,50000000000
12Mhhe3gBxKpDV9ijH4EJjbg4rSAsJp3BKtYjAK1ZNKJJBrX,50000000000
13jFjFnqVcA9dHfeM7Jw4qUo8nvcagD2vhe5yRaCmpk3PagM,270000000000
14R5EHjijXm9GFVvtcf8x2hTcoNhX9Ur3Lygyo7YdpxvVzp,5500000000000
16DmYGYVrQNhLJuYB1eviLoaAchHtxFYri8NzbVR78Qc1cTA,200000000000
13xPcDasLdUcUvPjRskk8ANGbY3mrH2BQLXXcjx1sKmJLCGt,50000000000
16cn7r3UEYMsjMnduVyFcTmv9FiJ9SA8ZQ4KQ9xWDBvxWXMU,50000000000
14pZQo7wBuuwdSMVi9XrZFJYKyvL4PzDvSj8fukRKzPmQ1Ea,870000000000
1Et5PFnXgNDyZXyAxnWgYe1rx6gZvmi89UasfMPEf6E79rE,150000000000
138LYaRW4KmVpXjNas31HKQ1kQkTfXgGFR5FBxUTfa28p8YA,50000000000
13QgtytRxrRrwS78wBmNdVxSxsidnJeaPaNBTmAEX6mMTHCA,50000000000
126tEWzZNXxGWzpSmWX4jhaJPvupP3a8CAeryepJfYANKmgj,80000000000
12YQGgySHDG5WofmmZQcwQYpCgjrSVYV5Las8ovWNK6HBon3,250000000000
126XJwMq6meLYMs6V8ndX8e8KBoTGwWdn2XN99peF9Tk3TsA,1240000000000
15kfAuP2VHWpeYbEthycjPDBghHBqKzjK13rPUBnqCdPdBtU,113000000000
14BArEadAsFzViiXrU8suERfTxTubqFnErFXXZDuBMDVNCap,50000000000
16ewcLkmXma8pqFzMtAwoNmnazNZ3euteY3qesWx6y7VTtuN,1000000000000
14rac1qdTHT5rSHMVEHPjJM67mzVxsSZ5sAPg4MuCHtoHQJR,60000000000
143xRghwrgnjHyGjxHUx7mzrTrwVS3K3Aw6A4F3mhrxSTwVN,100000000000
13BMfmQhAR1ib6wZewmiCVe3K3WwLTrG9TwbgkV9wA4Cy5Jv,50000000000
1UNXjMnEyqhZqYhYcpPt6GzAcdifLWjKsNxJbCDpSqxS8VR,100000000000
126CCbu5jPuKKJadxv8Sgz5vWEWN8uwXhoqLUBfAzjjRa5z8,168000000000
13jdD6quNz6ciegqHoVTpRRUGaYsHTxJ7HicopHkZjjquSWJ,200000000000
162yfjsZo9tenRrYR3JwpuC3KUy1t4gRFMdx5nbwMUy7vbqT,270000000000
14TYFi97qkM65LHFgLdZ9nhyQBsqSLb79f7rayrL8NoiTK63,100000000000
13Viv9QF2ZNbiESAiU3gRiRvghYW1u9cU9f4Y9PHd9S9ejEX,100000000000
1QqfzDkWbUVNnuQqJCwB3qoF1A4d2mN2JKpY1ra7FRRSRzd,510000000000
12zgZxGtJGnskqKqt8sMtfJzESJbNSBUswM9Hbp58HQR9bVu,105000000000
14mhG7fgaQ7PnovJN4z6F8Qzs7GrNaUeaDZCk2of5L1bSZpQ,1000000000000
15sHsjXTdNWdNBDpFiHR7EYYZzQjRuLze6DiG9wscayTBDVX,3000000000000
15wBiJ2ckNgVscjat5MjH34o5S1vskLYwYVsxxgLMqrc5peA,50000000000
12Ety9GM1yMqhGQEKat2fKEDp6aHSD5mgye7FbmgGXaNPuYf,100000000000
15YYLntuWgyYs5YwcUhWesitAAQg3dYyc7gRmehrsNLXbFJn,50000000000
12nBREaM5orJdqioakx92n6zwExGWWBqHFQNuzR5HZAguNNq,55000000000
14DavQw7kd9p4fqbnfmYGkZ4mXjkiZYnyHNxgsadp2kAWbV3,50000000000
14V4v4seBfcz9b7HxXs9AWz4MGwZqweCZV1SEHPVTB3XKu7C,150000000000
15TA38XwQwCSkvWk7vQxoto1c1qq7evviitFK5cBw6VX1Gdo,110000000000
12GWR7o2imxC7GtUPKbvoKkjnU7f5xHN6p5Cm2Mujgdp6eEU,50000000000
12bjT2rvAEZmKSVc2fQuV3PctmxQHq5yrANGVHXeJ26qopNc,190000000000
14Qo5vkT5aBJkCeHgovUfZtNqC9avGKajCmTe4YpA5oS9PE,50000000000
12GtLswAPmuMVP4Wdx49nezxDpYfocqveXcvJHcKv1SP6j6W,50000000000
1512XtvacuRwATrPSJr5ZT87v33Q7u6z5kokMEPFXdqm9FyY,149000000000
13YBDfEe7u5sRK5yitWkVLMM3jLopspTHk2ZvPQtbxZDCYWL,3000000000
14mXExSDpoq76HpJH6vCPfVzy8gXnPKCc8eyaMcvPRuqoeoR,10000000000000
139Nvj1TrLR1Hf2cYuFTxeDtftr5KnFSvQHhwPwufNVypTHv,80000000000
14QAShVh6YVfHvuxRFAtRECVeTLkXkbxbe5DN7q3PuvvznW1,2200000000000
152SPJao4StMTBQmhqrpFtVnNwfj3d9qbHUNqMGxaFYCCGU2,370000000000
131MM2RpYjjSTDLaCmkJhsKMVxQau8SSowENVoEcdhHpXbYw,50000000000
152uqWsGs9xQRkStrPdBtvtqP8Uu7EXHgeVsnyUnMgbDpTgz,500000000000
14TDmP4YmBafofdJMw7CjX2o6RcFKg6HhJesaABF9UJ7Hpwh,280000000000
1NwMjfNWsaz7eRrDzkgTf9GC2rySRFEnw4VGF6DVVzkMapU,1580000000000
1jfHHPpW1XDTqXb7DQ3Aw51SLA5A67KYM1eS7Qetr3KrwPJ,410000000000
14HZ4u4Axsm767Ceu5qxDienvYGNbMU8GZrktoixZhmCKih,50000000000
14p546QEAQ3M6nswiCqzEdLZBLvMv4oAYcSqutA8USLgSkmY,45000000000
13mR8Tvt2RqxHTJRjK8nUuM3Fctyz6L5KcPBZrUDvEoZdMUd,50000000000
13xhiACRCCGVPmTJphkoNAe92po6SW7EQpqe9UKSVn7SFNph,110000000000
13Qd4rnrqqd76CNR6Un3scYLRDqsxkRv3gzwyCtCy8Am3A9d,200000000000
15aHxZ45xDLi28ArAhjEanF5PJ7EMSJD5kPHXNmF8g96w6YU,50000000000
16fXhmsj6v7gbVsYoKgM22p6KNxEAr5vje6qZjSLh2oxqJPU,3750000000000
12ZTv14FyavTmoy1ucoFwkNY4aKtfbQqh1UaK3mkg74PSAGw,50000000000
1shpQ3VasCaiqAkMpWh4zyf1fuHrjjcX2xqNtR5LWUfDwao,108000000000
11rYznSPJPGi8npL3TP5rUsBYofPLpW4TAKqe1G81hoULJh,223000000000
15DedZMKFB4YqHemdvrripJspE9DLjaaiN3JGxVv4WEFM6Mw,101000000000
15tw8gcYMJNs8QoMwsMKfBq2fkkLqseeM82E7DXZPT1pK1fz,60000000000
14XmGKDTvarShDsEMyzLVc3hXiwS7gYJ1Vg6J1V8qAKGxABv,1000000000000
15zajR8p92KzJK3kUQvYZ5pRVhh1rv9xTyzpz5r1h228sQF5,190000000000
1H2WiryKiWhye3vk4MN9LZykge5NKxarN7u9oUHZoYmK3CL,50000000000
13Yr7rfFMqss12NkmkXAsYAqyfSB9GCrHhZBdQmxqwsn9DyZ,50000000000
15uX2CjcXm7cAnoVt2cbGLGqC9BPTkNKeZ3GVyzKFVfUgmXP,50000000000
15okG6eXCRvL2ThbrUWCPvsbC98Mf5FTeorxnpG5GPuXDsRG,105000000000
135fJR8Au2A4GUrezR31fcnH1zt3f1mBkgtJvJXhzwcgPqfK,150000000000
14pUEyGtTHZ2WsoSgjqjzK8W6bdXDKYBjNA5RQRafzSh2Tkr,100000000000
13e8eCjzAdtSEQutMUjHgEuKwvhQE7X7857SZjzZ7A65mJKk,50000000000
1RqiwbSpjWuWvyCddabcEJwPpjNtfuBeUR5FjJDamCDGhFs,50000000000
15tHJYQhkh4QyY7xyjAfcwgJgZaZUkYGHPedU7yh3JhNTC3L,70000000000
177Jpa587PNm9pdK9mdXVjCPtu8JuKNyhN2RfvXDMPcWqVM,101680000000
15jNMTWoqwu2i3sS143vcxLDYJ6b9QxKzdQJG8TH84ARCzZH,199109856400
1bznXPS22f2GeFGby9y8xCjAaBzxFqUa1HmbYUJazUwQSrA,40000000000
12zWexmSeqXgYbUNrZHcqfh6xcN6PwcwjKR5gdd1tfWcigRM,100000000000
16hYJGY35Vtfisu2ixNicEbXTz5vKFwBrc9aVK1PmNvCSKUo,20000000000
14MN9uT7ahbZusJcGRfZZyLDNByS2YCXzJPfVPGMnoEGWG92,25000000000
14SWZ6vVEKKGWDURVGKkkymb2MUZg2XfY2pkdYuPdBRBcYmk,12000000
14ETDKugbKML8KxxmL5xftE8u4M3RANkH1CiwxKznPBSoU2m,200000000000
12pyVhvyBzrg9qvypiuhTLZoX1reAWgvGNqN1RywSRxh443D,125000000000
12E4USd6ZdczN4YPFzHBwb6k3boE1vYP1xSF11LzXWRDo8xm,901300000000
16hgCcLaF1CfjmDo7KTCz1KCWEvG3HbW6DGJ7Qqb1wXVuWUZ,100000000000
16UMBg5tvrkH3CTAc6VRhDfCmCeYS4dcGKBQP3bjEZMwq1Sp,50000000000
173cwVwuVYc3xdeQhJZknspPvGU3E71HCkeLWTXnW6qCwz6,50000000000
12ZDoZuN8RwF2qzeBEPFSDecJ8ifSbJaLQGh5CJqa9Nbis7E,390000000000
13Ear1QnTCouhYLavZkmXuc1jYtSwtEdTA19Khsyh6VsXhJK,100000000000
14N5wgm6jTuDrmqitUNcQBra3Msf1UJn4oyYqdDNuwDA7xLP,50000000000
15MDnmXhyFfNjqR2dFe7L7aStP9aCMDNZtYFQFNctHDVB4hs,290000000000
1izQNbkWG3KteWesrtxnyy6oMGvqtY99pkPXeDzynFMoAVi,150000000000
14rjvFcqC3ymsNPXLgmzF2ZwLpNogA3UoUAiPugVBG92Ck3S,1600000000000
1e27dgMdRfdxzHXKDE1bx2RDN7DpPThApXbY71P9RwCnUEy,100000000000
14s2NMDbRfo3EUCCDBXyHXkPWfpr3Vs94pVnDJ5V969BodTD,150000000000
135rLbZyQ3mBBziRg5H8ncNt16Wd2JreyKXPtSxgvUY8nnNG,1300000000000
15rna62XWsA6cxL5ke76QPmfmWBNNeUpF4yv7419U2LZHy88,250000000000
121TxEfsxz1bwWK5JA4kQ9Pc79kjVJTAjEvspDmWTquke3yN,400000000000
16Czx7CeCwvwNTytq86ZPPMKqsTDzumNMtkr3zZJN8trP2Rx,5000000000000
14b8azevGKoRmvb4qnAuULoLrhCMgDXdrqPKnhqS5gnLA9MJ,50000000000
13ScqmHif2gCU4xsqHhFLU4hG7aRqsACqbMT5bxJRZfV8Wxo,50000000000
1bXr2tY5FNPx9ZgVEZXj9YnrfxBq7c8eXHWPQEoVXumnVxf,1500000000000
1eq7w5RKgpXSbvHdqpJWKCX9LrMMrEwubK5NWvqpyARysv7,288500000000
126HRLTvCL7x5kgCczxrVwgeUMYHnxLqbGkzPQ9jNZxCpq9U,100000000000
13gHje1iLn31GaEsHkDS9ZDS4JM2pkeTp7jCe9gUDNCt2HHu,100000000000
11QuTNpzJbH5jsPrxBDMC4tEWxBZYaVG7D7758GuChaB3D8,200000000000
142uh2qsW57k38vcnDyqFzXccFBs2wfHyxHuTAnPzsprvMxg,50000000000
12EHxiV2Xn8wLv2u9eGPz9pCuZX2Zmqeeyd3ZRhDqCfHvxa2,100000000000
13GapMY7UhbFdPWpXMVEmbEw1nDm26CHcQ9HidrLG2GkBJ4v,269300000000
1582wf84kiqSCEBFR1oAEWCQ3oCQLo4yh826UmDGFsSBEH2F,50000000000
1mr2fd6ThJjX8wK6fTwBTS249zxH9cE7HdbpG95x9RMmkrR,50000000000
16i3bHhxp4bVtvThm5KXARecBmAmtgUoXmrxJhJY3BLaQ2u7,150000000000
16FMnQZ6KLZdZBJcepU4SuANK3CVxVtbqdzm8HCbedKyymcn,50000000000
13BxL4K8fXedBucraiiLoRm5thJM3zWWpukF25J1wxmr2KY4,50000000000
14typc22mrMy1z9teQY95JsytZBAj4kfti9RDLLBAwteqhm8,60000000000
139JLTWsugekg87fj7c2VkT5rS9tg3pMyX4RioRvGCrqayS6,249000000000
1t78KFjpMdsovGwtzHXhB4SuVRv8A1RuMosFrKfQY7VDf5F,100000000000
15Sx1kGEXSV4eEnruLnD5pPT74nzT6uQ8EvQ3uQcSA4E5DKg,130000000000
13sSB5KaqFb7ZJ9L3M6pK5Y6KySWfUzXNojzZ1mMa3DvEgQm,75000000000
141BGUUkbxGq2rBDeegeqf8UusA6fEZrVCPLPdyeEDdVgDqx,200000000000
168XjHLHjxrysYM8hqByYaCHdjzajJHobufuFWYiwmhVdknH,75000000000
158ttLQd325ji8DvM2iRupijTs2mfbwgy7YRhYWXciv7VbJY,100000000000
1EpwmxV4ATu4bVLjC18CEM1DHAbh5CohbZ2WhY1aKXNcMKQ,50000000000
14YRUkB2D76UBTywZQGn6RWmDPskwuVkaAQkPDkzU1G3tvHD,1000000000000
15QHDN6tXGgedZtC1e58hZEQQFPjgzDpX6fFJXVKiMbkhu6k,107000000000
12ryzgK61WqUgAp48YcRFbh6cqBtKNMofkJLgnQQeDkZDaBn,50000000000
14cu7Ai28kYLrQ8XAGWEBQucda4AYVNnRZZ7NgSHVNd9P3Xg,70000000000
1KqATutpxQjiTYukFC3CjtQH2c8EibJUad42SVG8Vi8BMxc,50000000000
14N7WMXYNcznNoTzjthQr2btiZfRfzAd4Ftk7EB1xs93f1tn,500000000000
1TQtGbxkbwLZULfZpu4xTZEKP6vtArCy3FAnBMb2rRxFvzZ,200000000000
12uUCMqhkyB367xNcvSnLtSSvRPRBg2Fg6ccfY9XbGaqkLaG,110000000000
14rwtjEzP3h1znXS6mtxQQZ3sNU5XvJPSnWwpR9R4tWhiA8U,400000000000
14KgKpT3RaNj47QgyRd7wB91RsyZhutUbJX2pUzLW1LzU4az,1100000000000
14pPSdJQXoaFPb4ytdUrC8vEaKshFnuKVkvz1FGQaHMHvY6N,150000000000
15rhQrRVWipyD18T9CerP1bp6Cg7TFjELNS4R4JihYZGYRur,200000000000
15oY3WXgpB6JxY1KdPuN64rVEV98otkDUWMjk1g38NyxQzUL,1500000000000
14psxSaVvegoGcEgBjurwb2r56Ng3UFnkEDDvvnWFvJExXgf,1000000000000
14GmJP8py5fpZWVnSNGARrn8pVd6zki9my9UrUbGQ5Ceqxzj,200000000000
16ak615tkYMZvMcBQisHE1qTs2kqoZ5UEVcWg9yJuRwTpZrq,85000000000
12X5eZbPUAP1u5BXciFUtz3wjELYAyh1Yq1YccgKvPWHTYkQ,278200000000
14JxiEYvCks7cB6JGWDCADJixSQREb4U32jwRd4arTijfDJv,80000000000
15wpUy4sNgCpA36TUgGM6MTqEtjPmrqmk3Vv8gXZpK2FoqzC,51000000000
15GnHiSoRoFUZxVhG1zyCSXG6srV6wtNJZcKjmKkNHLjiJTM,800000000000
12K42DbZM2SDEF2KXg3CftKuntW6GArXJBSYY8JHkgRFirbL,50000000000
1hUk2eekGotF6mT7YMjpHSae4CUddqJXtWBgVHncJWrZXW6,125000000000
13ESkpryrxJkvCgBdEEoCrnat1qdWs4yY1YuMtxs9WGgwYNh,490000000000
13sKsU6hdG7XZLsQmshQiD2E9bw8gYiLUwyc4dFiAn7YXvtW,50000000000
13mnSUbNLwrBmrk4QSJTaRvf1hBpw8bygDV7qJU2uN5sfpJE,240000000000
15fjyHqjBCGYUifo9fMuuVQsz1PW8fKa4CXSPCefDLsBk5K6,230000000000
12izhjXCxp5DFzoQZjS9dxgTr9Va7teeiBG6hZecZUawhaA8,730000000000
1nqKKNF9rKCg9G8ERgE7ay78oqitCoS1fc5swCMmPyZkEz6,150000000000
13pqxFM5V6rMxPfnZWxKpwP8RLMKAJk9VMCMr8izhF7unwh4,400000000000
13HF4VUChQrzMkKzr3f5gC6bdXpTXuoxByGYG19KEfhwxoV4,125000000000
1622V3dEzbDE2H9WSLco5JNBh4ALn3HGwVmUqJkqY6gU1H6m,18100000000000
13KQm9bt9UXqM2NFGrUy89s3mnYhwP19nm5aVRpR4SUtMTwY,10000000000
13ury6SovF6QDYNhR21u6rneHoKL5SNE9CVFLL2pgrwKCC6q,1500000000000
1udVUEmrnF8yYSf5JL1cyecLpV7ZHiea8A1Xrdy5rafYD1C,1860000000000
12H9cWFCWBF1Eyi34GW2zpz4VoGxoEQboXUfDGPZ3r26HdFM,79000000000
15cpoDuh8CKXKcLxp6ozGwwqWrAMQqqjv2BadFq1HFACYVnR,50000000000
133BdarUav5oDbbKYhCSDVDxMeF7ZxFTxENfViQARsbnkkAK,8200000000
155t4xcxpJ53Yv5PTpxHPVasu3TB9p5XVs3Ub2C1xcZhZz3N,800000000000
15rbHddeWg3K3n9zGg7YaBh9gg1o2QWohs7MNx9usqEnTEaA,26600000000
13zBaBCG7CsRfhhuGKqvXKyj6TNs2JMxRwAzU84aFid6km1v,90000000000
15aFe7K3vu1W9S6aFm5PxUskzdhV8tp8hsJH4cuqUaFYaAvY,26300000000
13KxyWwqnB7fqJkFFips7iTJAfZguFLkpZb6k3gBUCSUVwro,90000000000
1jZwcqEjqZetd7CktbTuWVXHds8UxPy6hSTuvZt253FrHGf,50000000000
16k67qReiJpd24bvojNDeoGhCGuTEjHLrRTRxPraTY1MfzvA,10000000000
19SP64cwMcF84jA8Zeqso5CQojNendCeAiD2MFWxhADHQyd,53600000000
1h6CM8tTb6o2fedQrKihxNnFiCX1vmkvZnkpPUXGeXTyNr8,200000000000
143PikNqBomPMQ6YMLVg2ZseURAyFmSQBVupNvEHjUau9iJg,100000000000
16XGJuUXoXSCfoj5rpaQmQobHFz3hL4Qnxf7yyFtTqFfk1cw,100000000000
16FbUcazNHnS8koyhJCfP1BYCQujbQZPZN5YoFfLSS9ydFa4,420000000000
15XJvFNWhvt1b6rqxZS3gK13QcdTBDVZWb2fLaqhrX1qbtQA,1000000000000
1FNgz5hZiBVzCMq3gAQ7PaM9LozpFBS2zchzMjgnUyiNBiN,555260000000
13NSDHmejLg6MLUVfnsFHGXMvThcKsUqcmKPxtzSVk7AZZk4,80000000000
13AsqLRi9V9AvTrGv1ou186cb3qLVgDFgKhfvAQboaRhqPRU,90000000000
13N7GJwL1ffVbVF2FwHReb2dBjNxfv6eMBukiGeYwdi17WUe,50000000000
1W772GYSEEjCCCr7BrvNqqatoXuXreyzj73eD2ARbLcxL3c,70000000000
15Ps97dRCF76DQoeRziK3JhZaDwnGfK84icP3wxAA7cqraqL,250000000000
14e69Hxwf4tKYih4PZRemKVx9a6faHgteabDGfV3ozLEZRxc,990000000000
123bnohK3fx6oN6KtoXqSX9z7AbQtqyumjfgePUnQqPtCrvr,650000000000
156CYf6FxKTNwtQKaLmPbbGBFYiYBeLKGBHrNz9rxwcCyvU5,50000000000
15Ds8d6DmvRhghzNMmemBT18VGr7ge9k6iLMgqVNabt9Y4uu,50000000000
14BSHSLDcaK2hmx1wLhGoMkcuC17kKgTcemKUWgCXkSxAEEB,190000000000
13uNsko2wwZPwmemCsrowxVpzGjciG8cMAeFFWf4tB6a6i2J,168700000000
12QVhGdMSc3N8avB61QZUGjZGz1vQUMePmQjc5H8h4Jm112J,60000000000
13zo3EYmC1nEqLV79p3mGwqbkQeKiro2MhPrSXzpA45NG5ko,270000000000
16XhbujSDjee9kPhiMQgmtux1pTqeKtKBPMTjxkBrwU8S7S4,2300000000000
1KkBY3UybUcJyZ1PtV1fRCWFBvcER3BKZ3uQbkPPhUYmvwp,501800000000
16SZSd7nh9xycX4vLJBxj9nyGNU4GyV2veKGT2bd2FySbuCg,600000000000
14H3JTmwxU8wvi3E7CtmbZoPuUJdq8aoUYXvcSC9ExstzhsN,250000000000
12QYTXSAu6Yz5roxaVxebGf6La5HV6m6bESwFffeGhHJ3axJ,310000000000
1NYnuREtfYD7n7fyNxWmiHvB8sRPnmi7xmFx8T9KM18KR8e,50000000000
16g4K5eQjovotuHf9Hpxiesr9bZu6rxCerWogoXB1GfXcK4u,500000000000
12mJa5qpZaVV79hAj7Ss3MbRiERSWWjT59AEEMwEcXPA3dQY,400000000000
15ajtcQ3XvmiUh2avGgsd5FQtPTbVNEBN3n6gVA9QkXG4TKP,50000000000
1sDUDbodC7yViiTAhKPD2a3snjzwYxu5XYSA7wmKdwLFQbd,390000000000
12GgS6royJ2LLXpTv25N8iixfzUagxErj7ZCoskbWuHo35Px,230000000000
15ktQKNkKjbRCbizNMqXQibcg8qrfkQgQiHkdS6SsR85XeL6,50000000000
142vTJd2FZFNMVCeaGwYvYmP8tqcLSRWVxosSn5gycv8Twq3,10000000000
14zn76HVJiTVvowpP3HYHvkkUs4nsHCvNVTC8arnxweboQN4,200000000000
1guAq9cn49bw7uSKm2xTCUH5RrAzMz6iMH9ybLxunfbueLT,50000000000
1dvdVYbR3RBikdJ9ikK34p32f8f7v1NtuhGy7TBe8T9yoAp,30000000000
16fxizN1GXKmY3Yrs4Ki2JkgxAK6wpjRN3PbX4Edf2u58Lqg,4150000000000
12BngxCvQtgRXVgGP3bzmXwTYfJLmSPgmMTY3VxhRCKwVGsv,510000000000
14rfJFs8YzWgCHLWGaAyg2pJXtNTA1BUe7hkjwApNP4AbhLC,50000000000
15T1jL41qVM5hbi4GkynPuCSS21XdBhR6F3yxTm3uDfqkxWR,100000000000
12NfKEKaMZFKixrxZ6XgFo3yHqRTQzbd6ukgKDRdHzcNXSrB,100000000000
15AqBvu7FKxejTAPHAxXwvGJiJfvP2JvSqqioQPqDZJfUikh,150000000000
15gEgHeGbXP55FxEwftbjAVJdVKdmeNUv5SfmgQfve4WXNWJ,155000000000
12CKevqhs9VE7xz8K27E6cw4w8H6MdVpQdGdwckEqVJVNjRp,13000000000
16FY2doT6wErTtCVxufwzgXoCzmQ8Gw2WqXjBW68KwQ12uGv,160000000000
12WdxFkAEa5YvNAV2VDMggLRFhSf2u5N1FU6CsNEzLCJgjHX,800000000000
13dFTTnXXQHRQ5TJmq42Mqu276ct8YVgbmkJ33Kor2mn3MYw,1490000000000
14B5HsEGoEFWLaLpaDLifPPUJmnyQfGcSTgWXKsovPme4T6Z,5000000000000
16XLNP1trm2VwAQryruqYAQCBgGv5Z46MCQ9eXnumoR1Q6jv,130000000000
15K6GY6xV3UbYc57n9xoCHuQ6okTaZxkj1s8FATqkDiqYXfJ,50000000000
15fgCRvz2N7CxVyggq4zSGipKajVuukGDDzTp5D8ZT3EwwNw,50000000000
15ixDztqgMHYprFd96Exg6y6btAKoRUMLhG3tBbGbiHNQskA,100000000000
12VpRMvQ8F1wxR3yZABr6BuBoTNJXYLvjAn1PQQtESXLdqBG,1000000000000
16i17q9a4njh4fwdeDfgyjxMrsyu6Qw9Y3nj7gATxBWn6QXS,5000000000
12NoFvD1ZgbpC7zVS6dpwdqqfYmor2aw7HF4AXtx47RqpDF8,50000000000
14sBcMeEHyF68B2w1Ghbwooa4da3Uo6EZGJCTBWwGBPdtEHv,50000000000
15AJArG5Uv5de48gEwNXnDSzBrUKTwShnqiV9s9npGiU5Hze,50000000000
16cZhec9rKQqcw9MKBsJnrmxrdDzZBHim299ASpHo2z3ftWR,250000000000
13zLcwVTJkLWh3258FfEsKLkUU5pxQ3oj8XzYKDjfSqkD3Qc,50000000000
1NEKwrhzTmHkazKqgY99umy2PUJE4fgrDvUHwRs3rrovL1A,600000000000
13WWduKtZSQHh9eNNcY6G6V7irycCLxpueyQ9xAhchkzBArt,94000000000
1555GyKZkZZMSq3qTD8oAdiEAedibd284Jas9a9vE1NEH3Uu,180000000000
15qjsBFyEwgJhX3NdLBVRHfSNig7NjFh6H6bprSTeyXBP6Hi,222000000000
121wxd3iK5uNBbKxuyCK3KvFza5wyYw2gGukjRrwQf5Jcu4j,110000000000
16LpCx5DjJsKGkj7gfgX1PPxU6NDUjPfXY9zJoQZqN8KBLnE,50000000000
12M9xWYgDKM9uzjUYiALtd2Pc2fNNSRSQVEoDy6gCFMYFPhV,1000000000000
16AL66bYWJGVr4nnbnjgXybvFACytVT5zoLGjuB6Bcki7qjS,50000000000
15KMV8QnoWTKB8KhCvWeVbR3cj2L85qedUcyDmJMf6FDD3mA,50000000000
12uXKuDpjJbh2LLtxqrjuVEgUwjC5swqQb6BV5u6iVX57Asg,100000000000
155kRfBUx2tfB5byqJYBz387UvACyx2tFKDz6SPMsE4QFcqm,200000000000
12gKU2ZV96qCfNuim5qXKoRkjTCJ5M1rBbe3Qwc8wtXZAW5t,50000000000
1WDbDKWmwdkg7hWzQoqjPLWhcWP3B8R6PX8h2vXDVr2r8aD,200000000000
16Uh7eDFZcNYTaMMppf7RtA8afiGxtwbAbTWBb5XMqxaiW8V,117400000000
12ZDmSP9hHra6Cax5RtgqS52Wmr3CFhcTAS69WpGAc3Thrgo,50000000000
153bxcVLANrdZ8oWZdJR5J74yvHtrxoisPdfLm8XKmyQFjaj,590000000000
15u8QvVTxb7vZSd4n2VtuCNrqSP4pbvrr9A47CmX8MVoRoBT,330000000000
1q64jQv4aBbBhiQnK8hmxJiguWPPSico59hVSACar7sJ7zu,1000000000
16VFvwhooPEYe7f16RYRr9hLKjFmXkvD9ciSP9ZTf5Jrdr1V,50000000000
12FZUQmiYW1stxv4nogo49PL5qcTLgK5LwCpefPEEDFuvrQt,50000000000
13W5L18piM6RJqMVv5UkEDSZRXeGk1FNCL4W9XP8JBZtPWbk,80000000000
12jCFDVgDPyGxPRPQLe9Q1bLmPXQ4WC3Vz7AVnxAWW8fVyKK,20000000000
12c4Xz8jXd6wuQ8bgeQq1hY79e5RfaYzDPgETqxfVVF7gbeX,2580000000000
14dFocHEfJA6DWVE8eDZuUN74xG3VohoFwxafb1j3TSkb8hq,1000000000000
162BaiuPSLa3ohNp1atj7DFfgbSwBykDeRvuJggh7TgXqYpN,180000000000
14fgiDYHxxe27c8PB4gvouMNXePcw7hxK4xjBxDkbmA9vibs,200000000000
1WsNZzUJyQKWUob2Z5d6LoHvygqmyxkAr2b5ZA264WLHHXa,500000000000
115vpkQRV5HDMvYa4QcKu7nWRvFsKGK9tsEcC1HwM7VvSkG,110000000000
14JxdSJn1nXXdzhzDCGAXwQKPp2qcNkNFJML4ScppZ6eQL7y,2000000000000
1P9iqk5yFn3gp8qW1mKDKf3Z5ui5UyQcW82newnzhPfBazk,50000000000
12MjE1kQQSWkrDuz7eoJkCdhBpGK1MEMgNuvPWRUXg9c1FeV,50000000000
15r9WnxSk4qimjoW8NcDiknW2seKSmuCkZvau664WDfm3zUY,180000000000
14GHsGtE4RF8XKJKifWefnz6ax74QMjR2KjdRummwvixwg3N,50000000000
131T8EqRsJ1bYThCwzyQjTXo1wJG86BWLgZEuHa8Ga4SGgZ2,50000000000
168ihFQP6jGcWuFRJFbX7t3bycfMfmHseKCHSt4ywoanASmK,3100000000000
15T52dvgfWaU3ZQFSo6pfjvbYBLWtwbpHHD1tSvsVgz52tQp,100000000000
12dR3aKDZnq5TRAoLupdvEtDnKZVLqgajcV1C3UYDSVLor9Z,60000000000
15yVYBAgqQv3vYGJeMjyCWE5Pc3coGexcVUfiWccnYRUmZsn,158000000000
14zhUXNt1BsScMdLeRf9vzS3HBfiY5mdtnyUDWtVpQKm1RuY,100000000000
16i1iHCNfnEPdBpB4bevwXzChLkJdNgCcVkUnFKeSyhMgi17,139000000000
126SD1Mng4BXGSpoQZzLRinHeGM7WvmeAzqoPpH9Cpr92ho3,100000000000
13H6KcrAvxmBkaFLuFLbitr2NDY4f8JRkre7A4XUdXo6yJZL,301000000000
13EPVbA78WbbfWwqMRPCZTNrMXg6v6J6np7sBVMhmJ8F2euc,50000000000
13ajzNhzFnZFevSVzCsYF4ZPkTGujnUfntdbmSCMUqUb3rWe,100000000000
15QatsD8hK9AZN3GHTzsMtx8vjzirZ1QbS62D65znCt2nVBX,50000000000
162xA5RikdHPhAk2zMWe9rPygEWaDBmxewFDGhfX6qjusYXZ,90000000000
15dizyL2io2DghoVib6uaVf4bbGZ3dBmkV73pmTwd11uAMHu,70000000000
16CaHHWiFrqQHEL4xiBPqit74Ey3smzYGD7f5oLrniMWdHeA,100000000000
12zV4zD2Fp8q9hbQSuuNgLuQUX2w8hfrGqHbc5D4tWm1XmD6,50000000000
15QEgdFvpLZLEdTJV4Vmdpvm516C1kfbEMmaKn97vvcXizk2,50000000000
145yBvKzHR7bJxHF751nzysJeyj8Pg7re1BpZUb5FT9TjTSV,100000000000
15QeUhkxcgBco1Wjw6V4gMMFJjQHvPD4M56jsxak5ZsPhpP6,2000000000
13s8MVK7VnJLxdaFnAUKka7FycrGTc22iMAbAA5ZkmkMnuk3,450000000000
1uz5YwrmyGK63TKtJnbu79dm2ek2bFGchF1kwja6uWTUiCp,34000000
15yVHXknfuZkSHugPUojNSHwbW88SMifDZEjFE7ikbqxz794,66000000
1581SJk2NMVFbD5cihwC2pH4EMSd2bXAr3oVTvBAZtyWHVyp,50000000000
16AcWMLpCHZX89YT42ABN3f12Z4vkPt1XUS82kk2Q7XGzrjc,50000000000
13s3jKGcJ2tHoJT5SioiZ2bwz7tFxfFC67ujH7y2T6tqJkvd,200000000000
1xoXeAe33TnCBnWZEfPXeYKoeZd4b1NXA5hY3FvASjH46Bh,100000000000
15XJM8aR9mePW7LPkufiyfovTRWCwX7fsDYbTfgF3RA3vZZK,3000000000000
13uDTGtVK1GvaWytnLsyhtxU4CcbGKxDynDzNipytB7SQCoV,50000000000
1535yhwqLdDkkramNCtvpENwzNeXQREfwu4AmHSsKwMtGFkB,3000000000000
12jHEvPuyDQshkkbkY6SiS7Kc2qM21AvDFYsMkjmJegSj76F,150000000000
15UzWLTbrS3CVG2KreMvyU1ecHstoubtzYHAvweLU2fVvudm,13000000000
1kC67Vn9X6JC2BsgUWaiLzMMQWBUxSYmLdssKbbDGHJ74kg,100000000000
14GW6xh3fxQRQrUD5wjFYLSqwpmY8garGGUzKUtUNQPnwqE4,50000000000
15UyXHdT9qpU3ZCEfmfDG3tUsQieofpzyrpAx7XAgCUAG3vr,50000000000
12Vz6xVJEGtvFtaArzVTwLywsucQKtsCBT3WoT4MVKvbvvkw,50000000000
14z6sMhwJQVfCcmKdbKTp1KZ2Rvse61Zq9XKAc3oQ375mqFc,10500000000
12uzaHd3ZoVRtLtdExcCYVB5TPjMFUf47aFzsuuDpsaEn9U7,100000000000
15Aenf1Q4RtXkgNsKoF7aQd1eRuxM7vERKHYJx2timEcwozB,710000000000
15B5WyQnh2uKquHvaqmcoraUThu33yMMbDeo8EQsbqbnv6qv,220000000000
1zkRkpCbD2nhB6vMEwxYxAsLh5SYYXXSVmatviKSk86SFFC,1799850000000000
138vyK4KpKXpsMzTToMjpM3N5YQuvxmexghQzeM4orVvswuX,50000000000
14MBaC5oMpCSbFVXmkaFCfLsr6dCVXFAs8MpVFtcPKBfuBdK,960000000
19bkfAvP8NQ6iRMq7oMA5U23TtpDVHgkMnjgNFhf4AwvyTY,100000000000
1BgFJQu3tZB7X2goy4yRyDU5QdRDCKf7wfFgTM3B7J8EfbQ,50000000000
12QKQTLE1DZCXXk6WAikhhV2RvXktqeVKExN3ibpXigcq4S2,50000000000
11bXiS34gscYwbJdo9VUgCWbpT6cS193gxfwY9GET943edh,690800000000
13gwgS4ksLqcAfWpvicDyPgythR1RQQpwhGf1fHRPYd8Pcf7,50000000000
16J3e6PcNmFi6mK34kxrop8FK61gHriCTUqgQ48xxAvaTKRp,250000000000
12HcpQf9FeCdXWtt9XeoyqjMgZXQpRsL9f8tgByfc8HiKPDK,100000000000
12j5NCDRx33wTz3KXkTy8yXuyhj6Bam6P8miTSn5PZ2uCorG,750000000000
13sSrdN7F3yV1NGoL3nu4MGMZXQkh4KqNkrfWoGcDiDwNbLA,80000000000
12EJx8eQvGuxznJWTj5KJZb5HWMumdYwtBcbWF1qsh6joyb6,120000000000
15SjdbeN67ZtTRvLLZnbSt8N8eAzEXsnbnJf6PmJ6K2BCJsR,10000000000000
16iWuwg1hvBZHCezZL1GBBAPiNswj4JUpGEVgcLLTFQya2BP,1500000000000
16V6Pp7jfK7RRSsoykaETsu9NP9gfLYkLf2i6UFhND97Ts8K,4000000000000
12YW4cNiYwmWNWYDEVeJtwfv4he3PLNyfmkvpdGHNNCSMHen,200000000000
15TBg2Tf6kr7mWEdJ5jftC8oueKk7yr1Cb3t5TyfMLdmDq5n,50000000000
12uCAJWnommdd4g5MVEFwgsPkCf1x6dESmNZwoCGkXHqodL6,110000000000
14fTokAvEH6FfUvimxDxBdLTMeQA783f28Lp4wYYRf7RLDLy,50000000000
16d6LaapLAKyD4GpEvdy6rmbMkYNJGUkU22QjhjKu1xf64xx,1550000000000
15B1MP6M7g622NiY8hv5Fn576AaFY1429rSMNWDZu34q8NcR,34000000
1rs6ok76HNi2z5bkvzFvW32v6ZSkbu5VsLJDZbGF6VtDLDm,34000000
1xWusq69VyEeARwebGKoqL8NyFfqYKmc5HDGVHjzxjwojro,11000000000
14SPX8Jb9hKcvLCXaAgp6HyHKtfN3s8jqmoWPCGbUBfzDCCU,500000000000
13xKfLDaRmqpapiaUKZ4nPrv3rhSEjQsHiDgjpeLq3VzLYAW,300000000000
1Qxs3rRjZf87bcp3atDXUfjYQ2ZPkKRSoixDuBY4iWAeagi,70000000000
15Amr6j7tvFVTb7dHxXS747rW9JHVCRWiWwMDEfQz6EPoejS,50000000000
13YQdNQtGHnVT2s7zFwSFyWS2pJDMBDn5GF3XUUiDW2fh7nM,100700000000
13B8ACSW1XSez5BB2BD1MeMjFxmVQzEJUmPA2xcCBn4zpucR,785000000000
126GPdtnTXmuceSA3HPMsZnynHUq9tvM5MnaszSEQL2kzP2Q,100000000000
154yu22Zz7uZ9FtCdJ64ND5adrSkBGbpCRmBDYCNeRP3egfi,79000000000
16LrfkzFYhmQM1X5HrrBxDYnbZd7xterpHX8CLAUJvTg7RqL,2000000000
14afVWsUPnNabFCgP8c78QJDNxgPcMg51r9BpyXqweWZn8gL,99700000000
12dcVP42QDE71g8kpdzXukrGoBmpamJ8joSszXs2eNpXjNNc,210000000000
14BL4QJRGyRzo186hydZWqPa5yj4kzHkd4Pxq7TNzE3JRg73,250000000000
14VGAdfF35da3PiZfm6aa8EK9anuBrGUdEnSfKoeBKo3SRHN,50000000000
15UqbZ8dEEjbBU1iEryxKksDRV7s4cgEsyFnT4ZauCELhau2,120000000000
12j8KjmrujjLMgZz5cHDDnQWZoW6iTJDqZKBRMuwwbB7UDVD,50000000000
1WGPSybQ9fLad79Zn653LmbBxFyMzRBqjvaUeqzdRiJv7TP,300000000000
1CkLGyLFV9xUu8AfETEg3Y1tPqJT7HAKdbCSAUKbPMQY2kY,460000000000
1FMu3HkBXV79Xe6goNPhZEsoKLBmFoH3TXzGi1wwFWrLeNT,1050000000000
13GDsWnQWfpdoieL5FpcwKyFX1hJFeHLp7MDB86yyXxdspAp,2500000000000
1cDRan9TEvBYdge34Jwjxrj1aEi8MrNSizV9BZjLMRowxFU,100000000000
16Htj1UaWeHYHTZjP4VMU7pgRQDwbDjWe964TRnw4Sm48nCd,71000000
15zNubydvknaQtVkBhN87mAXfqw6mTACHUsYBC7z3qnoJjrG,10000000000
14tgHihgX1HyRBWp9a6P6W8EHwpe6B1RorGkYWhfV6mPEqpp,20000000000
13DhXS8ArXTuBYwjAqcRQuZkPNTXcLi2Qcmv5aHTJG17pxWd,700000000000
13jc1o4MtmKkHzwo5nyfSH9E2paejVz3GkB2toEEBf64G9p5,400000000000
16D6ao8A8vmH3meVwT4SZDW5PdyDFkRyyoxuBtd1NNVvzrWP,50000000000
16XN26RsXithXsMaBGqmovVmjBVjU17PYs4yGg6Zhp5BXv6Q,320000000000
148H3Gdpy3DXToeyXzij3Ac89wcbXKTM1KwkyTTrWXeLA9NZ,170000000000
14uV7V7FKuhPLF2nautBFd9gk3jJATXsbgRCaEo87e3GtoqQ,150000000000
12jsDUWMf9y3xkPEYRDYBkbC3Tesr8atkXbnwqk1h1JLTWVc,602000000000
15ytcawfSyR8VMQB2AcpfLk5VeMV8Mcph5pY6hww4DXXBjGv,200000000000
19b5zK2zdg1pUYjgMDtw9dyBXmbEnxWfb6a841JBQ3d9qP9,4000000000
1jXbJDgEZig5H2BsaybFCUXLShN8DBFqC6eBApcG1tCz7P6,1000000000000
14wDQVqVvmE2xbFtJ5Gs3x878K3jsGWVN2C8GXQiY6uTQqGH,100000000000
16HwYTS2ZAMUhRKoL11ZYbvjzGLvqxQgDQ9q8jReS2PXPXyC,300000000000
13bbWAD8ybCazJXJ9peZS5FpACkCWgxihVgAMeu63uv4HvNG,10000000000
15kwo6m7LM9PwxT4oGTsAcmPJSn1J6RPsfZzKSmxQSsMFwF4,10000000000
15QZeVPKn9hx9TxESU5RaUYaFy5RhBq2vsMcMnFknMQ7V6WL,100000000000
15fPoLYwXKUrDqH3D3hNfkFuW3E6s1hvVeeZa1wzkfizJzf6,210000000000
14khcMS7kmWu5nDVvGJwWqrKoYSGH4Q1rbZoSUbRzLd12kwF,51000000000
15tMQLsbHAb7jRTVEfpJrVfbrkw1YD6oqPiNEgyCrd2E5G6A,50000000000
15GkPfTWkJJH8X1n78qKXVuyVEmyTEMVG88yssrMqm3vwJDN,100000000000
15qkgb5ZfqetknqRVdLsekntYSKs3CWS4UNtyM7XGTvNAEe7,50000000000
12bnTqSrZhgs75HkWHGpF1ueuxDfC5Y2qG3fxotzX9Z5avC2,999990000000000
162msysBX8UpGaVfoSHGyMsizkuf2b835pDzWJjHX3CvobSF,100000000000
1HBc8T3jr3MVaiZQP78DBeM8bj5AXAm2UB54Bk7zejVR9QY,500000000000
15r2hzD3FYvFs8bpPcHpRkUA8ceHQe6C7PrUPoatZTdQe6Bc,50000000000
14mdPyiuwwPQwVCCTfoB4if7SPLoJowBzzWYwY3nDzuKNLFE,50000000000
14A5DDmkFtvfjbRAJbGZYdmixbcyoqsRjqor2Dqtsd3TbUoP,50000000000
13RE1wVqgbAGd61xEonGG5Hy6Ki1nTQv4wy5KnuVi8upJa88,500000000000
15KPmPPomGbW4WE8d5NLGGbW85uzC3NnarrVtykjKtes7ajg,95000000000
13KngFRL9HoTTLG5k4ZfVYQGdAXhmfv9ie4ooAdVQBKh7Grt,1940000000000
15a5UyNwtGfL31WPxHwD8UA3cu2W9X4wejZgxhruw7rWasEA,50000000000
12NQCcLeYfPAPkUiMER2XmNDKp6cAYkkuWw1Q1P9bnhUEUA3,50000000000
15wMa7dxZUW6atjq7jKYV18mvYxebNdzq7aMa582DhMta7zd,690000000000
14FzFNg6ttysCB2HbPbMUjvCaCku89Lk9j2myuAeFHW7UwqA,100000000000
18qkLcMK7nfNXxCvASo7DMJLSCpUQqKtjfNUGn8qW4S2aYW,100000000000
15tTRFuQ9tytUuTFETJGe7UW4qyvsZZPQjKBJ1LkdCwFvH2J,50000000000
1F3UD7htDyajAXVpsm1jJyTo78pz9CX8ncjHamfL6QVj1AQ,50000000000
16QAJrTtp3BXwj2tU54wzpCNhwvWpWGxtN1VybrAHQ7dX3Lf,1000000000000
16V2GYecdypXsFkjqsN2x1AHqpza7BFNsnFpRRzwdwr9B2zN,250000000000
12g759S4w76YRLE36L4ZQNyMeg9QqcP3aUwXBWtP5uheEeAH,50000000000
12dzHVGrp8oCi6H1FQvg27MvgyKFkWUmM4juPWcnqkfDKpsL,100000000000
15QUVcjiuor96tBUxmzUDqATXRoqdYu4w8BzbjhdRbWeTczM,100000000000
13mk5UT3HvsS4gNLty8PEeyvxnmaun3gJxEbL55bzYDFECqC,50000000000
12x6hRTRn3SxCoiV1zDG1bqNoPFC2KguzLmLRsbLmKw3pbf7,50000000000
16UKc5tooPerjSAQUb2pePLSSM9hZ1dgeWzQwwmurxPq3jRE,50000000000
15Pu2dtFrj1QjAtkYYJtB4D3PQfUFhvCPcJ8hSF9DSE2P72d,110000000000
138tYpLYR7niV9E9TnLK7JJT7YrxZxrR9rRwqgGEQz25se4b,500000000000
1qCCk9NcGQHxHUGYZmVc5ENt5oCAND5qHcmxxmPtfaqjFgr,70000000000
124ckLArnW6WKT9h9bDxdpLoLvw1zWmSyfkxWo7531dVhGHS,1050000000000
15aMEkE7GinvPTZ6mfgxoVP42j9MHTBykXATXtCTSxQW6E9M,100000000000
15DNFAMJrjkn4djdMPWfhKeHuHsfZ6YGhZHoDmVb1MiSUvXQ,800000000000
16B8Y62r4FsMGUaCJ7G9rzUUw2u8g9hVUq9odRCEMLBnDV9X,100000000000
16hxHwC2EG7HxQtyebAwQsQter3is9hLDXPgcpbmMEFEzQ18,2950000000000
1nZZ5jCw14DbkB4bkkwiHqL3Fr4shytDNBNJoKyyyLor6Ep,100000000000000
12WfVjXmqFJdQeEUgdToYbVCN4uMhLbP9p4s8XuM7RnHC6pw,290000000000
121TZccCDg94x3BfAN7UbQtSivZVxJJCTdcHm9AE8kvswhT8,1500000000000
14MoknQPSGuzUnv2oZwcf1PJxxcPbE5JV5ZDKKHGici6XEyp,50000000000
14wDzU2t2W2MRZB5ky5MdmLhRMHCKi5qVMGvUuYwC9FfmbGy,330000000000
14G2W7ReSVUTfdTTWyzHM5mqdanwSVrFfUAAr7dXWrUxsuuA,10000000000
15KDCtTezKNVjkf1GK6Z1m98P4pmP3kXDkh51i5XL1h3FERF,50000000000
126jgDWRTrv1t3h8uxQDZfHjZQtAXP6TxpYBSbuENDv6cv7f,50000000000
13wiX5WA9yXidExaBNjfTLAgBLNK2wwnWeex7FTpSJS99J4z,5000000000
14Jct4TmN6u2aG5JfxD72WP2rbr81ZoH5s8hnAhRohUjJaUR,50000000000
1TFwoA5ou4S88UuCLJLJLerArkUasQkbEJd4Z6cNHJPjd2K,15680000
146L8wGVEkNQtfAbQx9VV5bXvYbfAkAUsZuhxf5wD6e8mxkL,50000000000
143LZiDsdvLup3Tr4SLugfSnvfK873bsZtVEC78fpFTE71Uk,1500000000000
141MALmwxzDanCRWsQMU4AUH25xuysiEwtYMPMoUh9pnPSdx,100000000000
14dSVgFrm6eMiNn3peUFHkv8rDutR81nn3cQZH7caN1Gy8a2,5000000000
13kzQZQwryYBh2yBBybzqnuHQqsuEv6RYsiRvpUrwxkGqgkB,50000000000
13ztT5Vmo3Yr9mxL18Fi9cm6Hg8gma886VtFNycSWXSRJEBj,50000000000
15uUh8SLhfTmvcnYLpbYPmXcHi1dPYHH4XHAstkNUvjib8Qo,50000000000
16LzKP2zs8B8z8rDbe8WSnWo2J1korvAVJXjMhZm9Wcnu8yK,50000000000
16PmHpYzVUmaja4PtwzSpZ6eSuvFdtjH4bnvK5Wf2bkcEs76,60000000000
14PhkUdhcDCBVQUYaRb3fF5ag9rNJcU8mTaB9EN89BHu8dGv,50000000000
13orYbjktWvLbeLeFrtAkF9Ud5ZEfj4tK9BsVfEXFWbYKJkR,290000000000
15JKJfvEZ1osjrRrxa2DZRv2d989eh93We5banHvG1SriyFq,200000000000
14sArMWimAjm7fCXWeq9JURzLqUxKADdy72jg3DY3cJr2w3G,300000000000
1KU9k22uWpxsP579fQ3Xy13qDujvUsEavRAUubkM2waZcFC,150000000000
16J98rQRpV4wXXHKWjx4fRAyt9585QEqrCnzP7hEvVLBweiX,150000000000
15Xt4jFDtqRazxaykCFwgkKdG48Yz45cVqF8hsCajQWfzhjT,300000000000
14Y4Jo7oEu1MzQ24N4NHHjbBgw9haKV6VZfs3cBS7nXF5s2Y,75000000000
13prMv7PGxwGb9r7SdbfvxGrQVYhndy2joKgE3PH6CjMJvjU,51000000000
1TcfuUTSG2BUH3E75QF6aU3XiknJZTM41CHGTKatmzMSYqi,350000000000
1N5puGMBq4qTDSqFtST7uApUzd1nZ5QuWEJYs9yQGzXzD5E,10000000000
13ig7j4qa9mWdvJ4B13Rh3iQr9JsoWSyx5Da7DLhMWgQCukS,76000000000
12isPQsczpVYuPz472Q8MpnKaZdCECPdtBDuxpQLSeQJ6QzK,100000000000
12BMLijyGF9fX1BLt6vGJs811hzXN7rzyroo1jNa17uRnbNX,50000000000
1nG4HEsZobrC1YwjGzSKraTEXbMTyCnWVDVC4KjSQZeFKbe,100000000000
14agBEjXJoGpzhATuGJW6YkqLUqYg6Vxpxo67LpEuQeQKnLw,302400000000
1pa6WY5DFuGxjfbbJNTfqt2XkXj1WJh3PPovJnZeNXcKL1m,90000000000
153M1eymHeoXm5F6pyguoDfgEY82kZCE6Cwum4pprhHTEe8h,446700000000
15aUVYkdzi4V9jDuSuoftsNDGSoFErUiH16QB4AknocisyaM,295000000000
12xndpga8a3xFnCxfs72HMLhxGQRgEd3nPEKkGfLX2ULjiMU,700000000000
14bTXDnNMLCXBmUQG868TKR4jr47Ez91dFrFhMn6jvSaWFZc,15000000000
13uTMBVgW5XYwzVrf1YzvKQFX51u6CmWR7sMTNJJGweDEps8,50000000000
13NCRMak1rC1L342HFz6juhvM6QidBDZyhT7nAQyXWCB9kh3,200000000000
1GvDZ2wnRewu51HfkVx6WJHiE7vELVXKXgniuXMp6QaQk7F,16000000
1R1uPQB6h2S6sUsgXa3ZSrcTKhccNTAD8Ym7oAZyV6ZdcA8,100000000000
15KQWsu7CHNFAXvDbTd15YX3AeqtvfY1dryKNyxkwUNyqExH,60000000000
12sHvBb1jRBRdUik6PtRp2xAyCyWRZjpTMNicVMrEw9Dm9pd,100000000000
16iGBJ4G7RM72hwpXMxQBoRsTv8hTS29Aw6gHfvzpoUZ37u3,200000000000
16ft8hsaU5gh2jySaFyNQXKUxPk1SFnkGmXkPdVKXok9C74B,50000000000
12nXadaRyHFtPKrqYMzQ1favMxeiKag9zhJUh8FaSGACdiBQ,200000000000
13NPuJHxcevHFYfgj31pYS2xfCJEN5mbETVD6t2HBK25KKjo,300000000000
16PQVguuc64dqz1os9EQpv5Gp19CFor39kGZNedsTFzndHR2,50000000000
155Yqubes4hgyXB2NCRU2zXBgDYV5Vj22MtZbaEtfygH3hZJ,300000000000
15MeqdVBSJ2VTa8dDeeK1sum1zHFfW9i9w6mhF6SecuLgZ5K,50000000000
1mtDmFQLdM1vFmYZrpWRWVqmdYpXiTt2U5jbshc7xKZmWpn,250000000000
19CF1TJJTXPEDQ9ZdgXX6zYHERL9n3oSjtT7N1be2w3pkm6,400000000
14msqHU9vnvrpqU6xNzRDDnymQZ1qYCXPuucSXEa9sCoVyht,110000000000
123LwgYA3d4NYSLjhKJFjGCzUbofF9etNqYAKHsHDdmKqDhB,100000000000
128eq3xk2Au5sL2LqQ7xJZs6ywsL1uAHk21yMmLA4oGxdTq7,100000000000
1H2bRZEV2EVQwGCfSQuYcDVSGz5FSzfcCzndm9jqtjWDFPZ,100000000000
14m6PweYn9uNk3UNdrq6TAswn4dsyU5WJRbsKb4XvVon6jzt,50000000000
1vZeLSU31DRQCeGWbyafvdS127sV3D4nPpeiGwjptiHpVbE,119000000000
15XEj7cX9cpfExyZ8Smjy9yFsudaGfpnkaPPwBexnTmQMUdT,50000000000
13TpuqVC7H9tDnEbtWtX7xKo3LuEV6FKWJXBy6ymx3mLT9ak,6000000000000
16aCDCdoDVxRufstiLbx1h8p8vtAJrtiU98gze3q5Y4pPdCz,50000000000
13YNzd5sV4k5hiUzWuydnAXUTgeFogwEYQiXjiSxbJQbrumE,145000000000
1zzcLTULNCbBUjv4nYuMFPk1JpZY78sWngXAwyhb7ZGvRjE,50000000000
136rN4ZtSiABsGvorCKXm3WyrEEGz5RsqkrDbPnACNFBGmDy,73000000000
13zn4ZeAk2yssM2crMvv7UKRXGDV7xGLm8Rbvh8ZKea88vKU,50000000000
1Ra29s7oJM4vu6AJrpC4cxFn61UjjdUzBE4Q6fct5eQzXbb,100000000
14ruEx61HTUPRjrC7LuPF6ApGVnfnyCb7p6gQFFLqd2MbiLn,50000000000
13DYT9Sin65YkNiuv4Y31Z22xH6nY1p41yPHhYUypzUKPwsz,60000000000
14gVr6AJhCLwWcVnGcZvsouS7Nn9GSMXv3LcuzzoABaQMDMR,660000000000
15VtB28mhmhVhJmcnWChLeJHkTQozar2iy9YkQP86mmbuqJz,20000000000
177k9a1s6m5DwT39EZCpw5GxMievLX7TCXZuy9ZwSsxkUVH,2500000000000
153aHZMkeG6coMJ7bbYPe5P91ezvYHH5E96BEGvTRjbeipAB,300000000000
14whnVUqJRGV8FwrGFYvujd2Q81eypaFg1EgGYzcQvPzCLrf,100000000000
11khCxdcTT1Y3Q6TqwV9puEXhimBr2YSs2ge9ivLsRJHA6b,101000000000
14NKgdhDvCZWNDUih9NjNXqoBQ1kFLZBjojcK9ZQmxUuKtiU,2500000000000
14j1qbbRKv2qcgCZgKRkCx3EJLGhXhU7htoRJRrmKSRb3pZ5,2100000000000
12YAc4E5KTTwoECGg5a36bXWZU29Zy88wohcoxwCXvvFqBay,270100000000
12uWyDSnQaonKAcKLK5g195uGLRUHDQeaWUBHipfFqEA6Lpu,5500000000000
14cPwV3r1NQd4LzkyBtCA8mA8xmUZumMdWiC3kau3es4ZJAn,777000000000
13uqpiEqMpnS8vVoM9bfg1ys1JrRJr7dJwSKdHhhFdq9JWfT,50000000000
15ibNiWhijMvod7TZwsPScCKUqhkUMAvMuGsJ6sr4XAj9Lhd,100000000000
14fcCNxoy7tD6VeL9hsGsu3SK1ETzNMjNBUnPuuTnnjarcze,230000000000
15jqebxH1zopb6KpoKdCwdLxiJJcAexiZ93tohKJy1HRRBdh,110000000000
13MPfoNpSEtznoauGvZmHyvXa1A7FKKHWTWqP7itLaVygatm,1000000000000
13GdDwAodJJ1RmSMsrd9XX6bqhVZQFv9Ko1omjxHUMQsRnBD,40830000000
16HqzxVZaGm2CphfXxccGr3Du7KFCucaf4au8CAhHW2cF9rZ,50000000000
1hVMsRTzsGqAADz8DWx514U7ynCkFrUeoXUaga6GKLxc7PJ,100000000000
1gcSk51cn4rvJoETctshUeqwhjN1hQcorac6YSULULoU3ig,1200000000000
15FdNDjDPD5d5TxnXLDw2zxEz4zfMbspw3STnatAqHukyHEK,90000000000
14rtpjuPLwZGDpcjJXf3yfsMt7y2uSDXKteSoXQ4kDGNCgnZ,350000000000
15qkQpcSjFuVm1gcCSmYJhgL6znwSu6cvP2e9SUGSDfkGvnK,1200000000000
15rPY5nHy4bwR7nhMcS9ANg8aipDSdDDcaMkaZ4DDWTRHkCc,170000000000
12xj48GCeoWaCiXBvLAY2b6CdKXG6QUfUKHJRmUq3nxUnfPc,100000000000
13xEPxRmrPR1xRDskCudDpsKUw5jRqzEH6AkSQBfFPHqgzbW,60000000000
14KhhjFYKktkuRS3dREvUqgsPgDjnHauB3mw2EKQpMCYp8Z,100000000000
14uTQQ8XEU5j8CWtcQvX6hb2qrjDVjvE8WnUH2Z33u3DKh7J,200000000000
1Nxvhe6kpMVb4ASDh4ocA8oKwcgYn38Dek8hnegv4LVfgPK,50000000000
15B7R3notwc2zqTJDtSCGT9WUY8QQEgYMH87BEe1FpH75FkX,100000000000
12KCt1KrcDVwYRV11HNZjr86WdRMTXCcfJUJNZXP4c6c34f6,1000000000000
16MidpQDhmcn9evB5G5RTcQM1FTKLhgfEuo8EHeQtzVUzvvJ,150000000000
15eqkZ6hNv9TKiKVruKzgaDdFivWuB6CwFPUJyjaz7oGvDAt,50000000000
13CAEr45jhvFDWDS8QuguLwQJb7zGe2LQtCNRsRsAo3MWMG6,100000000000
14AcUwVvZF9fdfgXaY5aJZ2UWLZUzz7rPz99GGHYUyBgry99,90000000000
13BcSP5MHW3JHyZW6DKEY6HCA9BSHax3BU5ATSECw96mUucf,50000000000
13fypheA6B9EeRag8QcVqxURAq7YzdpKi6DCXRdxxJiaMjSZ,190000000000
15AY9UYbk5JK5kxcAcheDRfvgjNp9B85RZnFtLbtc9HunDxV,50000000000
14Y5RvLNbFhuRe9Yh2wtnRBZiRhMDsAxWMvwVEU9ocWCTVyZ,250000000000
13DXKijVQWSGqjnkV5X8gDuoHh8yPU3FQACNYF4SoQxKpCwE,2000000000000
12EoEQLVDPKFqY3M4aaT6aBmvLEU8paXjXeY6pf5SzRxuEXZ,200000000000
148Ds7b7XUuEoWNphnhUBvb6FhznGGsm2rBPoxsY5KdexN6z,200000000000
1396W34HmaZujbNsR14Jd1PEGrkMB5xNSTytchRLHLwVxafX,100000000000
12s3aHw5naDUPD4arrfXqNdMtzPLGUWNMrcyxQjJJeU5uFtw,200000000000
13dKQxAhJyHiua1pPvNSV4yiA3zYEYAeC6FyfzyaUJ5NF35u,110000000000
15zg1F4i6pv7vTh4GXaVMcq7ZxH9wKYb3sPHh5uhDnW9TPNf,69000000000
13GAxRQk9cWJ5YYWhiDzJfiSkAjMLibtaxVzrfS7N7Mzk6gV,200000000000
12gbvBmsRLQ5YCWdNaa8j5vgaCNbVS2iRAsiRuAuF5NkXTV1,220000000000
14jJPBKLMTogdoiHDvzJhzXUgiMkRRn8ywmgsqH1DeM3m9Gw,160000000000
1687Y4UeAvwKVPkzrf72JEUFZR5DnDgVkyqgDetcDWNWzvd7,1550000000000
13gzMUUjDgD9nDFeERyrLSRQFD7PG7wftKogMKpP3LTVyRMY,100000000000
13g5bXQqoNsqDN9rvQYUFrKaGN4o37pyvnJ9Mxfv7wKZZTvP,55000000000
16JKBDCPykhFvG9KYYtxNUR3zcDvHssjR6YyZEFdqgebhWH8,100000000000
12Wqwu3Y2gpqoD8HJn6bPyVwZwHpBPggBG8WM9kUCrDBSaTg,50000000000
1YmNz63SFZ9TRKxY2cnAtRoXzrWJFYUHwKm6gW2Km1JuxWz,160000000000
14N6QUjfYM9tLRpXtXh9hbhxaQ5VbNNiqVDRKai51zomJb9P,1400000000000
13QamiRxFpqfT6NhBdeBmzWrezLMDhiCmDtu5YS7RuVgbYGD,50000000000
13zTS1Gyvd7j8p859BSMCcenZJmC7JRTNjMMQYEFaEeTSJ7J,650000000000
15KPcHQmTNNGr8uZVQVxSpejacJHhxvN8MA9zSvbm2GbSH5T,300000000000
165Fvggy76qjKKtRyoCiKSo5PRWwQvT2BcpHZgBHNgkyddt7,2100000000000
158Mw9y7JM31H56A5hXupXeHQeDVq2m7gWu9K5D3xQoWQmwk,50000000000
1md4KqBKaDWxdUgi6yqNjNFRTv8VdmfggS3uac1YDmYLTis,50000000000
13Z9YHRRUcayxZcaKXRtU2FfZCM1Mm9rNqNNTD4SCaVXYzHx,109500000000
12CK2ZYLrWv9RpPQVrtrJA1WLALhmpFmwTa9Momi52THeTds,390000000000
13djHAq8cKTNteyJZJpJEHWBz7q28UH7zgmxQwDFoXiHuCSU,50000000000
1hMih2nqg4MfRGLwHe2YaVgrXdcDMPA2nCew9kFHKcZzhaz,150000000000
15mP9j6ni3fSxDB4hLeoSnmkyemAgF6omJECKL61yjFgocMi,50000000000
12HT8TsdXZ74yrehf3hVViYnxxCpZUWDH22KwHy9syULCL6e,150000000000
15CVBvYEbpBozFtpPH81MDy7mMEGsJsvsQcWGTLMcjSqpZqd,90000000000
15XT4cvPzCiZvoFyuJ8eytRrx7Deh6c3FLWvAfG4dmizAUG3,400000000000
16DLF5ZDpgfd6uQTEUyCbWQEoNr15cxYaUBiMTo24bcbpTSw,51000000000
12eVo5tLeyEUoygrKnH6K5aCQ6rMpnFrXpvcEDt1JSLR48TW,400000000000
13uP14T6E6Uy29w4rRAPgzDpoVUuYaN4dX7SumUNPcEKPsVd,500000000000
13Yb5n91yNPdXtUkcUYbvD7RAVNnsNM1FYHQ1feAWbBEBYHc,217400000000
14QPDp7FHxC5YVLdu4uDNwDjQxN2C1xZHGiDwmzMBccE5EYt,340000000000
13wtBTtMwoHyg7W3QESKqz2gQSRDRqaZDpbGRExKFJYE2XoF,735800000000
1TdJQxCkazNF31Tx2uVQNKuWJcXo18b12QcBk9wrBeVTG7N,100000000000
16PBRLzPa6uhqVfDWmZMSGfUDtWKL3DNQRLxAocPQdnsV6qC,50000000000
143RSg7APua9oia2yQP3vQ5wiPXjFGUvgNmakSWMWS5pch3E,50000000000
13VjdCefvBv3vR69k1AxzEg5WGE4HFA9WfFwQhNDjgodfoxU,180000000000
1276a22kwxUzkjcLHxCmL2zeAu1T84bwdMgBJmgBWk7Xwtoz,100000000000
14R383c9gPTXGMatG2W3AdBBWoYiJq5Gd7qFv6G4jASi4qc,50000000000
13sCEtGrHVGGUsgdp8KYcoJgJbpMZXUxnL6zMUnCDsYs5ETd,100000000000
14pGssFCwmavkdtuMjru4H4EdSroVJ1Vzs7gitiwE84YT3ya,70000000000
152e4z9Rp2pL7HKrQtsVNqDeBsd6GqGMyweErmARAdQsKctV,77000000000
165WWQhUFpAp5Ep5guHhWHznwrhQkGxrvhXjpTw3QUJnbLLt,50000000000
11Dct6FbP4i7Y6gF6c1PF5ZvrFqUmLMWH4uSS1W3XAMHQED,780000000000
162NGPSQHsBtj3nPGr2ycNvrrwECxGKf5dX8SSEHiiGy9Ump,251000000000
1ztH1G4zMt9EuL9EsQZWPaZj8SvPJ4mXXwAArDjKWtU7Mnq,250000000000
1djxGgN78SNobojYHEdpHmfuxijrM9Rbfau6urEt8abpPtm,210000000000
14pQWHkJhsDfSwXPGbvZeEAFC2TzAuh3gyt2J5eeyA6dyVrM,150000000000
15u2UAYnRQjCMLLDB3vf1Y5GHau6HRQ4kFUDA3TphVMKsuAa,1509000000000
12Whd2WGru8ZKBHC3rKHpZiTnGV76W2F1QQYM45CVTSZF7XX,227000000000
14YqxynbRkfbuFvTczdQjde1fk6AkYDfsyJEEBGeGTxLv4SA,50000000000
1s8ydjj5h55CuGaK2V6bFHsRJEu1TaKyDjHhkjUevxTPMMh,1000000000000
128hEhmjBtFZjftHrun1pN4JQyFa3ryCMQz8DSWzqSshjBVN,5000100000000000
16GTq1G327HU6MmE7UdVG9EdRnMbwndMeUBRSip8RjSp6pjA,200000000000
15D23EZBNnbtp4QNekdd2HhEqceSGF94zchq5t1nNshCgjPv,50000000000
14QKQXd1Amtp438uPfY3cKRFRrKfzpwzPS5S6HgzdiznK9oi,290000000000
161YWshEfRGE4J4mYL8DwuXUXyQT6ao1yi2MD1QFDrXMpeia,100000000000
14bCPFg6ZeTut21WoSp31gnXzHExB7mHP5QD3QHkvtC61U3z,250000000000
1RbLCed6Q9hjaJM6nDFeQGoNaBU3j3eGGmCwxmFQnRURTKh,50000000000
12BFS3BSxjK5fmxW9iTbnZYhR4qbEEJEqLooc1bUmhDSSzdb,50000000000
12b3WoCPn7AMBZcoYRSHPhstWaeyUZPKZ8CEk4h9xaiuG8QS,200000000000
15Q8W5P5aQShRUPsb9EQtgd9uiAFzGfKZkqJ25CLiDkPg5v1,480000000000
1C1PfSkVGJ1gEgjY2TisTeKVoR4mfNDEVtfZjXPMhdrbcaT,500000000000
16cFdrjsH5sJ1xkvKQMy5xVmrBerT1BEah6Dogca9Dburxxj,50000000000
1NpKUKQ5wYwfSSvoV2VhJ9oJWdVkypMw3j9BkRhvcAFwhka,1900000000000
16hYd1xV5GhPsJTCyqVaZwQvuqqCRtxj3GnoVU6GhDcg8hwr,150000000000
14Q8fMgZqegfpv2m1Xg7ZkYtURuVKe55aAeXnc3eA5KpKD6k,50000000000
1e4jGMwG8QRQHfaaz6eaLcsvXQczaArN4XBtg8aX7ZzC5Gr,150000000000
16SHTs999rFPEyRzRVWKfanbEGJwuW3CpcqPT5SXaf5XFuDk,2000000000000
1BiR6FidsWCQsULjCGTySy7KYhbJd24b7qiqrnXHyWWprtb,200000000000
15toSatBLkTuyJZgrKUtoQGGbUPonJVYv2TiGyF9EMxDDPTd,250000000000
126E553aML2pysoaBZsk2dpQaLVDJCbjUx8AmEqtfRo39STH,800000000000
11295rSA42mpZBR2skeY8XixYWhXGoBZX4QBspsUXbo42GG9,500000000000
15JTwdpMiGvi4yXVMWKEa7hjuABCeaeQQdKJ2ZzEFN2jTftC,50000000000
14KhMVyR7vVhzT81EpAB9MNnSwQyNAYptEaepcMdjhNEDDAb,150000000000
1xs1dktEdTsRFLt6neXpqXqnMa4t2LgFLxBoxMMSTBVNmYR,100000000000
12mXWMaf4bTfxPY5gBZnGLusKSd9TA8w2mr4emYzQqmDA3ZR,140000000000
123VJD7btwc2amn2JNFfKfBWJfAaEexjWbMGhScLM6PjxXDP,150000000000
13VNp1uuo883hhZrDpoYqmXWLqxRoQyK6LeSqui9nzaMgK5U,10000000000
13B7z1evqoveyJCKMwppwN2dF1y22WczHqq6AfUL5tTtNvsR,150000000000
12EnXf8YXkZhq953AC1LFXfsqap43fabrLND7kqjvm86DYDg,100000000000
12q4DktYV9xrW949vyzncJ2xaxhFycrxi9KGJ3Z7WwyXXP4g,70000000000
13VkBkY4FEH8QaFrM1mMzxjSjkc2VMfouTfvazXRhQGux5tJ,400000000000
124D5BQyk585kHSZEHwaRPNeicU3YtYo7wSSDfPfW25g3PNi,50000000000
13uDHiNc8GFSDoHVKoHpCbJqFpt4zKpukDsqvDEHzg8RhBiL,150000000000
11QV3rmZ9dya7u7mkxsrxtTAKoiUijo9qamb4rg5XbgsrRZ,100000000000
1pfhE7JcEkYa1uipZ6QpCfPZfkwYbqN9qzkCPGJRKojDpK8,350000000000
1nbAjnoBNvrWmDv8oymqv9mqMpF71fyjB9AAd8A2fR8jJmL,50000000000
143vjT7pR2JTK3K6pFjud4fejdY5MmbBSW1VcTCEd73AoMJy,1970000000000
1216cjJcEz4AzkmXEiLsW5tsDiv66LwH2Gy1KHEh4Vreqobm,400000000000
12qsVxmK3nLXKFd1wdV39JfmdRdtYLmau9eLaoonicQRBfaw,185000000000
168QTy59vvpMyZubydYPhV9XXVeXgKi5nttTjTHnue1c2u37,200000000000
143dWZABeSM58iSKtSiKQR6oq5d5NuJfbXnV1ysbJdkWbzzJ,200000000000
12us3hj2JpUauKcQ8oCdrEumCetQNk8M57NT6p1K5MtNijLm,217500000000
15rhjYQKePLM8sDtZVb6FifmsLfpVwtD5mjZuRuUdUB6po9Z,194000000000
1NusshK4WnAn8cgCAZ5WvQXnAqzAg4Sem2P2r147FACYXqS,70000000000
13mGcxRoaLtEsAhjhFzEUYkEXvpMXQuUa3EMqZJQqzFSTivu,4500000000000
13bVB2C4G6B4wg8WtNsg6m69ZPMgL7R9UiTGmY617kA5zrGw,30000000000
13bj4KwDC8b1F9nyGckAZpaPXtaZbAqhJEaE1Ub88Ny6P5YZ,100000000000
1246pXonxsWRB1AFrWswiRxsdSArq6R6vyd719g6A1WWasH5,80000000000
12TxbLLu8iAnV77BP7EfMb2yR3nhfgzfju2AKgCwoCqf5pAa,100000000000
14cqQSwxq4PymoDpHjRRTeoUWBwrTmt546VMmUQiz2t4JNeq,500000000000
14zokdzVqLJDJjx6soKNVx2ENHV1H7QFgR9URyC9jpaforz9,55100000000
13TpUBjkcbsj9o3DWQDUyhyF4MotcAP1nToFwuUJiGoumPgN,250000000000
16D4rcXZ3drFNEf35Ko6GeGArr3DVfNswf5abSqkhedFjYVM,2600000000000
15ParvAis1fgrzkM98WNWSvKaryzJpQL4KjKwaS3z6L94KY7,1500000000000
13TVWzEk3oSPFN45JC598K9bgKhZ8weUhHvppdVkqWa8EVPE,200000000000
16cJ2kaGCgXJrc9daUByMuwMM6sKK4gJaV2qgyf9FCyTvMFb,2400000000000
14MrcudTom7Rn4JdXkMy3FJRMvr7cGGiCBvR4JbiFRuhwEJG,50000000000
13YB8PDG6WEGvfohmH48FFpEYnq5gV3jFMXvWBLJfcnMfdJQ,61000000000
16Htx21yRoQY8SzeFaLhwzhoxe1FvaNUQzk4fjhUnGeP9V4b,50000000000
14DxfbgrsCEcBhM3jc7wTSnbmeo8JKEk61Xphrvk6V9cdLje,50000000000
15dkbkSgCAuQnxFoRownmhc6xBUzwA4MM7QJWgg9Qe6UGJtJ,360000000000
12VpuerevG6mLxfHTfT6xShd87vroxua9C9vriJpPHVGoAxb,390000000000
14kvn7Zjnyx5bKESVn1LtXzdfux1vPD5irTUBE9WC8x4XLg8,100000000000
15Lna7612KsTLiAs2mquMiosu9SbnYsff9d8msRdumif9Dmd,70000000000
16CnnyfFHg9Co7nYp4XByE8nhzDLpQNFTWLRHo5fmJzSoyz6,50000000000
12rcn3Am1RNDW3tRTPTb69Zit8oiASeubecLXq7DxDYNkN9E,50000000000
15BHZ3C9ALLhsi3wma1RYGkbDYbnQqANq4ufJcHPmCuHsmML,120000000000
1eMwgMiD1uL7fDT8Zk8puprc9NfVfPWrRtUSH3HHfFM2NGU,550000000000
15cb17HN55HwAnFLKwu3fePpCfHbfTGfaNvVJZq8f5kAZgqo,360000000000
149doJzgkKEgX1cShxaE5jCUnUubCX2SUwM7Pbed5waNRGq,50000000000
14kgaubVk3y55KTG2xBqE6x6tx3WNc1jdZKBGbBBXBD1taGc,60000000000
15iBBCy8h2d9pCekRG9NCah7BtC99C4C7A8mLnuWDtCtu7a8,250000000000
13gX5PEvb35Hbnm8AF4JJZDzBzrYyXzAysGCJiHKvS6zGtYy,60000000000
13bYgySzB6mvcHpkMaNR55ENtopK87kQykdxFGh5e7uyfguq,400000000000
16ChWu9yuh9fA2j7jR7cYZTbaofwx64gEvmzVt86DxvYkiFa,97000000000
1k7RexMTRXJSTD4tMsSAm62DMXQ2Af4MSSNdJeNSPYz83Qi,87500000000
14kqBhuU495Lkbb6M59CR24NJhLLC2SBV5iExip9jTGiKcsV,50000000000
1127E6EhjtUe29HYPoBpgKXe1Xg4BGYnbsMMVqHG4X85Liao,90000000000
14TUb8mK6L3SWesahc9JKPjwHRrExhAEZWKfFMK2S5d2jutw,100000000000
15XNgGg9TeqR9uoN9u2suD2a97XcvLVfDiQJG3CzeobWEr8w,310000000000
14ovSJwYaQ5BeS4e7QSb8KQG3F75Sk9EjtpgFt6Xe8Qf5kQd,50000000000
13jENYEhjLxHN3LLsbRRAkWCKATRqAhfVdPkrNXzVyFuGavV,50000000000
15GPyHiWyfKWJ8r8bnMFDGMZSZL9em2QmCgEsVFH1N2ox6rx,100000000000
14tgA5wvTccamydJvDeVNRC4C4SjUtsJnvzC6BLSiMNWsASY,250000000000
16WzzM6f2vv7vGEFig45TJvzUEVBWJgjzGSVPsBnWn2Wiorv,1000000000000
15UmGwMhCtctyHMjU68DV8sQDN7YCVqBmVH4satDGM3XRrgP,1370000000000
16Dmc264xik5Vjivk4ayjqsudy3xLGCXR3FJB8zv34vyGoy3,400000000000
16kzrxfUoWEuSAMaFvSzDNm2gkC3iHKWKjatKak8PAWKoque,100000000000
1EWrnvaxV84brvLGH2fDFBKpxcoqVCvNQkRSYyJMwz5p85A,50000000000
15irGGcK7RAocegTQJRWL9ciJt63i8nZUiDXBPFzZxbsZnpM,100000000000
13Ya5fpT4FHm6UCZ1ddeB5tBV1wRGsoQdRtvjz5xQTTfG1vw,200000000000
133edDdmB7SK4rZRd8Sgmhixzx6R2pYZdy2Ah85RYzSdySC2,50000000000
13Sx69yrSYyQymWiG7ftgR3Ypokbd8UyTtCswixiQ31ux9rY,1000000000000
138L6D3TBt85vdRwXHL6ejy8kwTtLbpZtZFFGzF7QTtoepDL,139600000000
14QYSU5KDjwD3pjdkxNZq6M2QgVKRA62WU3iwc8AEzm5goNm,50000000000
1qQg7fJhwxq8ZJRCBR6xD45V19tRw8Rnytps5XXHaoqXjWq,50000000000
12Hee5XDWLD67XBW4BN5K9mzGVmXgxEjyKQe2pRNCnve7woi,100000000000
16XAbboBxbjA1w5WXFGKL4nTfMLq1enrepeY5KpoaofWyPQp,50000000000
12LMp7JqLDHigEqumgkcUrW6nHkeaJtD17iAX2YYhGhHiByk,150000000000
12vSdt5qWC82kMSyYMTYebfJBew6pgRWz59ihHjdmucpMMc6,1900000000000
1eusqsdJLoatQ5Et7zDZnuC38wfWprbPrGEijS9USNTKMnG,120000000000
136AJJVJj85iRK2FDKCj9hug5SRCGNRBUgJ7htqNdSNrAL1n,70000000000
148suELHdamPQuyEMtrithbQGV4mz9geC7yTLBEQeMvA4Fud,50000000000
14tbKFSVKPh3ka8948WnEXHtraHKDtHyHN1vRNpxoSnj3ibp,300000000000
16MhCbS7tSCRZDbo4LuJvPCQMuVoJWf5znu4c5DiKjc3FJz7,100000000000
14Spoc6NAFHpxoaNV3pcjwzQWKPdiUAvFPC5JnYymQEvTDcq,100000000000
139W91oHz1BXA4kywsPv983uqCJJmJCm4WWzEnocjmZQmumq,100000000000
121PVX6Aes8frLGjmeveWFTeeahmimiyc6GeWEaZKsJt7k12,110000000000
16CxD5uNkQzyudZAp9UvVCKewNWcqeauiMYNByA1VxtNzDuL,110000000000
16e9X1zYoTm3cL5VWZhEeY5XauE19vDDC87qYV2ZapLC6qj,110000000000
16fRdkp4PpAatQMTaVUDGGrCdqjKKhy3NZEmReuYFRHvdA8j,110000000000
16m1qeDqqCDykVywdG7LJCvt6JhrhJGrcEgMNAPmmQK3SpXf,105000000000
16fkVMR9hkAzYQLbV5rRTS4YgYM6wMQcSdhxqeD8pTMMi1pn,105000000000
19fj3vtAYqo6zt1y9Z41aexkz5aTeenfHVWSteML3hjetR9,110000000000
16UM98mXumVMdWAGL9fRmP1bzimYLdXpnJfxDcz6EytxS78h,99000000000
13GMqNJieHVPiJUoNJHf8kx4KTLnjdveQXvbgf2TafMpSiiP,100000000000
12e3WbMfp8DFD8MCY4iDjnWN7kVDnrToxFXWJzE5YGS811fR,100000000000
1FPoGTK99QRMbHBta83xMeAjnnKk6PqyPUCmbrrjAJ1HxbU,100000000000
1EAgYiqQMbR66JaqzkqmwkqMKnoHXwokb6tmWmAo9sB92oK,100000000000
14mULgK2eCvo33qUCVMbb8Uh8ng7TgAKZW99YtKfRGsKbK3G,100000000000
13C7M5wWZQ9ShUsM3cmbgnMbwnrSeN7t3eXjaMy222uP9BR8,100000000000
15p5hhG5SkTHgfu3dvA24sHsNWjenhBc6zUKvxYH54ib2hMj,100000000000
15d8ctWfLCFvqmpuS6caxguQBGbazX5xhxe53E96r2KjAujB,100000000000
12W61faPbsHGfxWS5rttMpvGCVzuBUr4qSY5osn6xQiaMmbM,100000000000
1EsBbZ71Q9EC78sgqXc6zQCRuNsf6onwh2FcZ1im43CjSs4,100000000000
13ETrXKELPHyC2PSEhTVhuTNnXuic3h8jHkwN11zrqv2vHpU,100000000000
15b6LJvrwmPyvTbkrjbSpDdzmN6DFEqxdVASuQoy8xp3BaJT,100000000000
14uWDKrpqHYPF29E6YTDLPoMX2DEQ8N4vbKStWffLvQZ3jFo,100000000000
15tWVxGHnsLd8KsdofYVX6CpogovqyabhQxnLTzzZ8qWSarj,100000000000
15ivGowG27SGp6xZ4r1NzL5kHfKkDCgR6AwVwqJRkmzwYpSr,100000000000
1hALXcuH1yBsu86FPovf2HYGTbcSYmWUHybeQvZQyXtXXTG,100000000000
16Q4hzzRXwn7PAXThv4ucYrYdM1ydeKNHWCRcLTkKj9Ck49q,100000000000
13zyWTrjhEiaZe5z669cJnxmBAztdUsXAd4RWcJNyYgmmF5P,100000000000
16G42AeFPaxuBqT5GW66Ec6ZgAaNbUhdE1Bo5LtEoRkHoDW2,100000000000
13gXJ1rXVtrmnt59XLHaLzss9JXdSyTegdh1K88vnHDpnkPe,50000000000
14qzpXyTov5Rx1k4qnpVrFxcnATaUjoqudBcDN761pms4YCZ,150000000000
13QjhCPQFK9hCo4MX57WL2UsoiGN9L1z7g5aFkAQRmYzLxU2,90000000000
14rxrsBgBFuYzTJpE6iDeehPWRGKcgXkaC32xgCJeFMCVWJr,150000000000
13YNybsBMzyLYvyvgneuBbJNsBG6Ze8hvaVLUKwDJugGnVUd,100000000000
14fRpeJtjEah3avomK3ANtoe8kH1aEc8n1Ba1oukt2Hu6oxC,50000000000
1Rp9DY35ffmXc8J44B4iwmSpZchUAYan5JCTBKTHoDwQc8b,400000000000
16JKG9DcbfaCQUsWwafb39KcYEM8Ax6H9yReDrqQXtNqNS3z,60000000000
15i97zzJ52GKNDBEorJJstvcwJbfkq4dRHASt81LsuZmjXRz,777500000000
12Z83myFsKgWRc9H8mMhKFxRFnfby9D6VnEstVjHniH2KeEe,320000000000
13jmeshCxGVNobV8FV66QQZEe61se2PYbFZ4gzYJgdwE2vh,70000000000
163E8ZjQsQnuPyYxt8nuUQoKvUSQ3FCC9J6b5EQ7VLyibToh,1000000000000
15rewmNAHP9tvJRsjAXXxTY8BS99geEhF4Xcd76i6b87gkbs,50000000000
14bMKiNzdR4yGQBUWV5piXDT6ZDp9Tdpn99BqPYQHcDEcevd,5000000000
142rwQdaCmygwGtXG84sAFbC8sdMRcPXG19TGoEPwcCK2cHV,300000000000
1zjeMaFicnrpD6CmcjW6vioA5UTuaV4wWJqw3t6XyXfqngF,50000000000
13W3nAqLUDn52qnsuwLNAX1gB2tXUCXBSKBXYqKPWMj9EEEs,1400000000000
16hZuE45WExoy78HxuYnuHZukyrNXSKvqV6Q34YwUPkCbtnr,50000000000
1sfRKWozQknDDWZYLxWqffkL8gyA9VnZ8SPLj3Ci7zgnUSH,100000000000
1W9z4nyAcQ5jd7rjPnstX1FhzMwBYNUJ5EUQY8zBzgZ5xK6,500000000000
14QV6hfAiXyb5LBajUqWR9CrQKxfQZMkBiERpQFuoj7YBqis,10000000000000
14GZ2FfR3dD9xkPQ3iqaLRSwLA166LpvhBYaT4nF1wADAkr9,348000000000
14oh1pG9HsqdmR6D4KmtzRxn1nTe5jgvBRjDwi8FY1ZuyTUV,50000000000
126qj1uXXTV1sCENAX71hsLPCBPWSnUFiLgtcyKKdzg6MXr6,60000000000
13bhev5iJspGemwymSqmVSWX8DAqWqJXNXGr5mF3CJSLHoSW,590000000000
15ouHLjuHoq8e3fW9eMAFLBJvXevVoL9Qmq1s1bFJx4GSpbU,50000000000
13KHmGARy2TiYHTwz2XWioTqGnUdGBvsVa4L6xXATnj2eGtP,50000000000
12YXah2gUQMxmVWRs28j6PgKDBWSj9rfKreRvVmNst5hgq9e,50000000000
1Nthf6evpkfEnp9XPbcvEn9TWxErBkKiKrfU1KXQy5oMvPE,99990000000
16hpkvPpALVkwjxW83ZXgbbZ9KYB4r26eDahvFx8PQuGq2fx,60000000000
14MTH5mL794VeYLCeD1AHQPaznBuP2qhNNcQJ9kpY1st3Rze,77500000000
15QfcyHqCoPjEMga3itiwvir4Jdqowmkv7W4zYE7ZYxqGht6,50000000000
1ZH1kU3wj6jwVQc9VvxHS3i6KjMyEkG8jD3xp2eAdAJA3Ao,90000000000
12b1iPzjwE1kYLyUXQGuEAgUQ8wo6Z3wtYfKVtxX7kPYcVuc,12000000000000
152ZMUDchS61jKKUJGS4uTnQ3gDCY814PHokuG2p36eChDVo,100000000000
167kmdrMUx1Qnor4B3jw4ZVs3vb85HkmNHYyCNrfQogRbEJE,50000000000
15oQFbG8jepxbsUosLkMSHdyuDpiWCdyfKn48o64u9sfgRjE,50000000000
13zngYA3vzb2s6ed47TFAPnX4SaGMJdEJXfTxuzqh162EmCt,100000000000
1UFhDebu1JcDusKf3sAUrF5e7SCSkkBk9fVGzP7QZvuFwWG,1614000000000
12uwjCeEcxiBosJag3QXuzRyxAWAAUjcacmPuEiyviEz7aqC,50000000000
16fH57SVZ9WaTfW3bh6yMs2vaE6yRqbweA6k6x8HZN556gMn,100000000000
14aS2rVXo9wPT5QBdCKM6naRwFuHuBbCZGoxHoZmUPEWcAxL,2000000000000
13dnnuKHCoFWUugtt8ZXXAC6DfZAoW3iJUTSRxUbcxCjpSY7,100000000000
16hZxx9FJE9G1FNMXE61H8N6JCmsSEzj9mn4W3JhQ2Yw2dkA,100234000000
15JcAuZ5RdBrimsEpNeYAS57idy5jninm5BQokpmeFRrwUDh,350000000000
15hzLZerDpZjBvVVThWow4qDSFQLP1USHeesqkHf2mSAhh5s,200000000
16Psctmv2nmkunQjEKVzasYP6vfWUSeHooBXqoYndnNRqV19,3000000000
16VLB8wHGTrr3d7KNgdf9wpJwHAnekipXyeVaMXwKF12pXK3,80000000000
16fBgFRJgeKTZRoKeLYHzKjxDn8RmLyNq9FpnJKCbHKCXR2a,50000000000
12KUaAud5sYuStefi3FnepqhQjcDx5ExcAaEgZqJo6WQCS6n,100000000000
14Gg4D8xKWXoBgB4MvoGmn4qwdrJVmWeNW36NQMoM2WdX8mi,500000000000
1U2eT2YvXr8zNCxBSy8ip8uZ9csh4PGirjmauUQ9ox1HkiG,200000000000
15u4fienvna7S7gCufasvi1WhQbqG3onBmyyRZQ3YBd9SUqw,74416000000
12NGDBoymfwvZHAb3PcRQbaA63veQ7qdXSCG55yscxojjTdT,100000000000
12L6gBEkXH2nmT1Q9L5mvx8hL6C6qGyPYkg85GeAAzG2fz15,50000000000
13msKE2BRAMAT5KN6CDdQLx7vu3DnbU9zwQUrcVArxR3nChe,100000000000
14azzvA6yCJSEibbTFBuMR8F3cJwQvWPxh1KeoYxToBrM67C,4000000000000
12jpu6vA2rUbfkEitya9sc4DDBfFnjzvRhsZJtgiPETny5VT,50000000000
126cGqctLU2Sv8skj3bFsZYfNz7LPL39uzUFPuHiKPhU8Tmk,420000000000
15wRidTCJdx622oFCyN6g41XfYXotvQnnEzecbvLyFJ11ceE,50000000000
148E9V4AfJDCZ9noxz5PF7j6GD1sKbYdSxqAt1kDhGiKBeKA,210000000000
12QornPG99ZbkQmQ4HJTuFBawCAm5mVwsroqEgQWS11wdqYz,120000000000
13BzEocrM2rcYHiMvKdz2fAUaHLRFZZxs8iQYmDhoz9XQFhe,250000000000
12g5t2rcuNcRaS8g4b55BURRZ3S9ivYJDrwgCbWjwwWRpLBK,500000000000
14ijmfr7xwWBsuVz8yhZtaCctUsHK1ZDCFdDdAHprXSHq8cd,110000000000
14GCA9hMrmqq9VdqvXJWswWDFR3NaftuGbG3DXTfQe1uMevr,50000000000
15S4pNKGucXPLbiu3EYo6i7sHpgLA7JHaxEE3trzdNXSXfAP,2000000000
14fkG6w9hh7aNc4H4KrPr5AwrTn8UvCh5ynTBhEiNQBtsvao,302000000000
12bgVKSABWXEJvvEP4QWQ5xpD22GLuZsD7tTQhk9GCwk2s24,386300000000
162YjCv1AA53UvhzJvCS6xzZtSUgmVGkzA92rnQQjoeLg9DK,50000000000
1UCnaFtEaSyChaHVyTqenk6BtSBxj1L5HVR5PvdVEqgLzFi,50000000000
14VrWKTopyrc1RrRECzJ7RxbsdNqrht4EHPDruEwwhmdf3PZ,53000000000
13R3fKnWXQtc6gAKbkrepBsPh7cXGg4jba1VSpWH7R8xRUVV,130000000000
124DHHiFLCvCGZCiJDdyfsvqzB7EmRMtYtKUAW1anh6EN9ZS,33000000
15YELZfM37PrU2xV1wYgANaAgk4jAfZeUEEdijkTruZGh4dR,50000000000
13E5iBpUQNVBug1X43VZt3T5SWBSz8uZmURqE95Vsd7Uuz1N,2000000000000
15mAdSHPiJTCT4td6kV85KZkKs1XFqYsoAoKbBd9KkBBbxSJ,11200000000
15SiCSAM3Nmr2UkMBn77CMeEnn3nUKp2RUB37J3KPDXkqWje,80000000000
1YtLTUUzjNNYGsoexb6wJj6sZua5s2m49HNAjUg46izEyj6,300000000000
1BvrjZyYCjCjKuyv13uj1aGSAsy2QcBSd9pHYbAKEzUn1mV,1500000000000
13zPUS5FmAGUTfqqAvfXHgepkisUHMtyBg3hjbGQCLNMWhwE,168641813969
13gQi85bzwSGFmtc318GcBX3Zaxj6QJncPzpLeRkNhf9vTA6,50000000000
13JtHyptRJAMpfhK5ZejJQn5iZakhdFU2kRaq7QgSJ7UuZtu,9800000
14TQu6XUWaSyM5zaUX2aYxjPUcydfV7Sa8kLpZmLVYDRATpf,200000000000
13xX5WQydsH7FFJNgHyhCgA7pgc1XCztGr2NRnYoxAWuMome,300000000000
12RTuHfP8atWPBsHzpN2R2eqThYQtQkwhNjXT63QPAPbE3qd,100000000000
14KTG8ivxAidZsZJnWzt6MZ9YVTsG7TQMHEQPTCD1ZvPaTfg,5000000000
14rsnfXPiQYLMVKpfqV9L2wc1Lmok5rhaT6Y2j9tdQ31sTvw,72000000000
12YDCgSD2Aeqqfz51QaUfLfsMA1xdvBwVBKGxx5zMPiB19Mv,500000000000
1WmbXLPFBTxJMw9jdi2fBkgDnQNecK5GNXhdgLmywqPUG9c,50000000000
1KyrLnszHmpjPfgTsBokT5iFUek1J6yVKQhJ95e7nY3qGAD,350000000000
13MXDRvzZLs1g9iAgGkwTQ3DZWqbF2dvK5NPQubor24oCYYv,500000000000
1qQ6wt6ssfYycXF9bx3GRhXH2aeuRTgNHgCNUAyNtgiriuW,50000000000
1X7vyz6rhWoDH2VM7gs13idxjC3vjLeinhuH1SjQge8kPiC,400000000000
1Ho6wrLWCcDuSivPuZJnqiAZbNge2GnBVk7np19bxEJ2BPZ,880000000000
14BikmPsbqWXzEH87mswEcYUVuiG3VhXgh5dWmnHuJUChHi3,150000000000
15ZzkBPP6HdDkWgekVx4TvWfewrRzaTio9rJ4aDknP6fB5UQ,100000000000
14wskcHe8davR899JwnfYQqdzwNkHN7JxDB3ue2GEBEBHDtg,137000000000
12vHbHCanCLAmgVMNYc5wi4CFDzME9i3y2b1DMeWVZHyvXSY,700000000000
15tb76GonmZkr59CvtMRAvWs9ifRVWLxc5Ka51SX85iD73Q7,100000000000
15JH6kVxLdTnsNNeagEmk3RZYRXeAfnHmYXZXpC4BskBMS9u,250000000000
12ufgZSDYK6yVYqnG9S4LTtPYsS6scfWuxcJAffj48YifdDY,50000000000
167yQh5t9FFWUYBzzK8zWRtvtZxboP1dd1ZzAuvAmtYdd8s3,100000000000
1CjBZcZ6X1zXJrBur6GHLxxHdYGXTzmUx7VifoCCno7nuxp,100000000000
13B5xiKJ8qPkp1Rya9HrjiukFkDY2b55VKZ7To2pfLjZaxe9,50000000000
14Lw7Ta2EeVycHgExDPP4cjvQM5bpjPMNL2pnX27w3NRBkvH,50000000000
16LXFwCAuctTzfLNNCySczNBeCD2oCZJmvypxErgMis9Hcqt,250000000000
13mfuXNFVejhGkAr2HYP8jYAUmJyDVZHiiAdcbKLsZExPhBa,2000000000000
1465JSrhAvzsSjwsHvV6wNoVzxK7NYkGx7gjq8S6oCCjXjLU,1000000000000
15fs4StMi5h9Fk1adL3SX1EPFoTncXtjGBjWLrpTjAcSPdBG,400000000000
16V4q5RBuN8Sr9AAGsodtgqUg8YfGLjSpCQL4qXUNMDWBTC4,80000000000
12EGc7LafAQJ1Ub6C2NDaKArDERkKVZ6QWmhKb2TL6hbrJ4v,100000000000
14gVWQyN61gUSjyx3insQUgozF1BkKsczH7hthyyqyQRXXn5,150000000000
12eN4ofAzDNeCe1JgbFnuqUCzCwCVEvzUtvBLxeerZmSoe5A,200000000000
12xjLNsiDfCtqv1umV5pUvwLBfEsVzVoiYAjrb9TJc51D1P1,98000000000
13QWNwpDdG7wYoX6ipY4AGvPvKR5LUhPpZBPdkxczG8Afz5t,100000000000
153ZMrjcfEqXGcY9SBp5GhebkKSBGPjB7UqxosXhB5r7jSsB,100000000000
15wj81EaZcgYgZdvDLXGUZAwZANfUy2gfeD7he1mf37nvsAY,100000000000
12VZNCeDXwoHppho2TtHgPRGeSmGBiyqoGArV7zz9ou4M9o4,100000000000
12CEF2ZGL32JWHfU4dmAqavPbnkewuPA8u8N6rBajtrizXNR,50000000000
145irguYwJUMQyVnnnfMhAmKR6hv1xWdy4PTd497S1c91xc7,120000000000
12zcrdjZeC61reMgHmdb66ev3WB4RdyTWHKBCMmu5Nybjc94,183000000000
1YtjfkDr38ZtZBNbCwSfKnYaYKP6LhRbHCra464p8bqKXLQ,100200000000
15XWe4jPEozHdS1EwVwzLNu3TnGfsyXuWSG7qfLhbVQvmKEP,100000000000
12jwx3fnhAb5kTPFYMsgPz325cjQbUsfALGHnLcxo87bjeHv,100000000000
16J4f6CmPrdVYctKndYYBGd7H6Lchy81oebV9GGjAzLR7UUE,100000000000
16MYBWyzSDQj6u9g3FBkRxCqxkQAwtz1jqfp8hajkTgwjdC7,100000000000
14SgxK2Ty3AbchShhAToq4hX7kvTe68S5aUwMM4Ja33Npaxs,100000000000
12c3hV74Sf867CPCY47vcdPTQaym7KArFS7EELv5PRNRu4Ru,100000000000
16PvjWfddPydWf1JHU2Z6N4z5zVv5pL8ygWwovJpxnFmSLzF,100000000000
14DeurDtvKRg32EtTJUA1rGLoNDzEgwjaf9sf8FbqaAiKhQU,50000000000
16maqrSrAJdwsP3Ub4VbZXJegYWanyaNojryj8bg5KX6QWe,100000000000
14Ghxq9isvFJLirUyY3Kn1wAXrG5CwfsMpc2ou29krKGsLqw,1000000000000
13SjbWQdmxTPBSmYrngxT2r1Ymg3Tspg4Xo9W4YooD1TaAaY,110000000000
16i8QYMpPdRu1issxCJgimvJCzueqCKSgWGgF2WjgVoA8wPv,2796604000000
14MpS9PywAFqRLhm4kKtf5gTzxN9oDYCLUijwFEy39CSb2GJ,60000000000
13s2GyXKvBCz6RQ8ThBumnntbU9g7kPVUhatByWay87ooVE8,170000000000
13uLZJSwpMXEEM2orWGpWSByCG5Unr8dSbvdKpzv5eHmf5ab,80000000000
16J1Sy6hFtTWo6YiPHrWCHLUZmwVyFgx4FriwAZ2KsivGd6p,507500000000
13usCEngVMUqFVYL8ZJ6CM18qznV9oGTcDyVMoVVfkSbrRhK,350000000000
121kfV5fLcyQanKJE1wf8hq5KikBukQM2brcAxrkcBhXYFXp,150000000000
13JpJkEJvD6Nk4X6EmbDZcTppGd3FpRhUsGeootP6roqvhFY,110000000000
14PqgA9DFGgWQ7whfjzD6ps2yPV1RqrS4b1GER99eiDRfzM7,250000000000
1RBd9WpGk92JXYfM4CL3B3oshEbWLbBwxbdkJRWJ1d2wFd8,1000000000000
13mEMmSBuneapLJ5eeXAvkZwRvqXp2wtgbx7DB4VRDfftNMH,160000000000
13JsH9ADGZzZ3MeJPHfa7Xr8smTapHm3JU279M6HQR2jHjDh,1160000000000
13wXDnyt5CifMdKcqBrPUBP8Baw2AFtdvgcH3S58YSYgtWNe,120000000000
133fQVqPuE4dX8saM1tcH1VmjFGHLUBg1iuFzYZjujZLHPHs,100000000000
14SS3UpoviiPyRBaANygBUZc8M9KxvCm2Zi5nBuTskxVsb6N,11460000000000
12QmRrDfQKXUdstzm5rv99AL3B3xyo2xhdAQ5i67EwxuaDRB,52000000000
12489XQWHiggNyooyJqhVqS35hC3N2uRQ8SStcRge4gvScQP,50000000000
16hw3MeEwnrPgVDt478ian8JdksQjEvT36mrSktF295oWrDa,100000000000
16iaaD2hdNptM5BKGJVGLRY44Wz76Bb7VeaNb2DTDVzy49St,100000000000
1s8MGNhbb1N2MfCBntdXVGBvWVg1iJXjLVhTaR2jf1qHqfm,3050000000000
12e2AhfY9S9qcmeoNh12vf61z9qksGxx8jRi5NDJUUbsTHAV,600000000000
14ECfb9Y8q7ciGbVwwwEMBNMU6Yg6Hib7YADxLRa73iXxbuU,1650000000000
15wjacBoxda5b6vjgNzeqE1ekHyjzqSFZUJCuKLCzgW5AoUE,500000000000
16UmAnwHsfkrTB5q74w6gnNpM3jo8t1uQayh3XuG9ncYd9q2,1000000000000
14czjbQxFKFKfNubyLX8HE29GyAba6H5zxDh25zgunfW6MhY,750000000000
16d5qudYQtiMWjysxMiZPgcBaKJtGSEzbrqruMVFD61Dtdsv,100000000000
13eQ82SwxTzCaPo3nGHCkNu5gwBo2fBWsXTRjMcpuvSXD3rF,9870000000000
12MppNdLxFZtfYqUmJRZAqh3uqNSQ3WKdNYEGdyKhRCfCbxG,100000000000000
16XKEsNp5bkGSVoywAvZxET76i5W7fhKThdXpDe7wEzp7Mau,250000000000
15SSJnnf1REiBcwEMQEJcGQyUTusPAvtrUmMQ9pLEEuugJNN,1020000000000
168EsqUaRF6teT9enPx9X6dbHR7JbWN5hDeNAKtHGUPh4RCy,100000000000
13YhigkABDLxoPxkeQUoz5sx4fVbw2NbPTgAdUXVorpSC4Rb,100000000000
14dAdiYdHhiAwZN1xxe11cRGdWiDyXrtQJKZnAAX7H51YnXL,195000000000
15iWKeNTvv2x5A5AaqNv9mdVsN3qyVpSp5jeU6eCif8v6j8a,400000000000
15GLNtHQqbtpDE74yRmUt7o8vbieoXUR4n8PsT6ajdVzFkMe,50000000000
14unuVU265vhQtruZuYKTUeprMT4sw8YDZj5RJbBzKwFVyer,1500000000000
155w8tPHKDYBFwKjHBe2TnX7JM2zBxGozNDBYU2m633JkX8Q,100000000000
14Y8ayca6rUFPJ3AtbeU4yhbVurpMifWpdQLvmQ5wk9zKLir,182200000000
14Jg4DNRAEjLXBa9oSBsYjkLepERjq7CfwALF5XX33Vwfuve,200000000000
162fmuGv1GPFhxTdnN36x3b1iCJWZt1TEGG4i4RrscYLVZQn,110000000000
1UC6btG69Hr4iMNzGZbgnrDX6ky8aGxvZY1drhA5cqsXsQJ,100000000000
14mEiVYCVBm8EdHFTaBj3Zpx4kdCuoziJtC6wLw7T52X9svZ,50000000000
15kjPFWNJ323VeB98a4mQ8pKHpqv9pd7MznpJ15UnGFUTjN4,1000000000000
13WVyhkc5nFVoz85aztJKYgRuG4SjHNTfweeexJjZJfTySNa,1500000000000
16g1moKXo3T7TPo8ZamqSK1PbXZhhrbknJbhJHqsivDhbman,255800000000
12HBx2bz7whkmcUqR7Gz4gqDAgraW9ZX5mM5DNB4LvgxSvuG,190000000000
16MeQKKvC3sC2RTF7anhmq1vGNQDGetazdrhbi6h2jnLZuuo,230000000000
14ofszmQKzRZZREvnwVcM1C4sHNoSjAx8sJkEqzSJgpyWipP,100000000000
1ENVX2Dq3kGQKAhoCZ6522qVoxGBdHim9HFumHPKF7pKnfa,150000000000
12g4SWNPhYvkYo7wTRnCCQFdbHqg3gjc5AgVZZs62E2fsQE3,100000000000
1t57djwSB2trWVvPErYxDjhDsRsZDkLjLCiieZ4sVwryEX7,200000000000
15DJUZRmT443R5Y2niYG8kkYy1jzYJ9h6KpXc3VdvqZBynbQ,100000000000
15E3xgjGfPMs2pU4U2WjGRmF8KVJdRAUVZN6UFzpdCaK9TvG,100000000000
15BZD5wG8uGFSNF4Y5FQ51NQ4TpZcsZySy2KMUwa7s2v7XJw,100000000000
13iqkoHGzPSCBgWmkX4sxQN3rouiKjgfS3Vg5n4RxnYLp2PY,200200000000
13zxvUaWXPk9tyneH6cBAMd7oTjT4QH5R7FFNhhzB5g92GTo,100000000000
12WCzF17sRfK7NMuTKnR7Q14DFWmt2912viPuGkd7m7bwLMr,100000000000
15x6m8rSJQypeUfRxkxWgTe7Fm4ZaoDfBJUMVUXJecN4kCtv,100000000000
156Ca84oyBBTYNuexAMB6RaE4MvXVucXzyq4NYZNkWZ6nqRV,100000000000
13BtcUqWiq65JKdAu3kL8pCt5XtDh6cyCMsgggzv9nER29aR,100000000000
15VGuUGAMqXe7xh9gZQJcnCNi6fueh9q7kgPvsMwUhFyCaV9,89500000000
15VsTXeGcr53sgwnGKcQsb1Ri7zJ3AThJd6qkvHkBuKYxDu3,800000000000
14YPwVrf92NodJ88fDnrwUDyXvkLaCcXBHFQjuVXrxeG3usS,250000000000
16Dpsvg27xuTHPYzgXGHFq6gDjU2CvR2JMorv6AEp5tEas5f,101000000000
14N8GLz5jhTcguMvzV1H5bWvcpbcBjHJq4f8RPXrjnVcq7U8,50000000000
13itpGyTjRMywNZdmm2ZFavpMhHao5msGbZZynJXZgEH93wH,160000000000
1483mdjhgxqiKPjAJjm1zaF5nXesSQaMTvAMKVh84ebJQ1rh,800000000000
1xedTH4XQoDcLxMvrtLt3c7ovGzoANXAi8iQjgvitCnsBve,190000000000
1633gocLnknyJQNC8hHXeBB996RTaLYH1DN9qMWHybjqa5CV,150000000000
1k6TLdYsXnuQY4KbiW9PDWGqVFwQcrvpmAgGsFqbJsU2pK5,480000000000
16aXjKQ39CVR1hDm4dFWc37zoFpxavDAmmmPbmgvkwfaycZz,50000000000
14iEFJRL1sHrpx5ZvfuVtZa6TQrMGERWW2sYfAtikJb4rQ86,100000000000
1Kx8USvkkma9UsdrS9a5xViakmg8Jb2xg9L6hDqSzB1jNA1,750000000000
15K6wQjfUFuaFvHGDDMWL7tdjdTTzy1LrAkSQpjzhTd23EuV,101000000000
15T2rwfeG3at5BmEzBzzcf1Kq7XVY3jGzPx6h8Reo5Cxvetf,105000000000
16aJTdzkiUfBHu5dBSz1d9cNevJuGvBMT4vsP4ZvdANrNz3E,100000000000
14G4SHFrdEGF4PKsHa2PvtdgwzTx5GYM5puw31LkR8rRBpyb,100000000000
12WaoRh8D9mL6Q14WzNmu62BMwQTbF2Kzam42ZzgiBSHhuc7,110000000000
16DZY3X9buB7QJhCPZt3S69Qxgwu9mcG5qvpcs2awU7dfENZ,1500000000000
1kAigF74yM44iYxUrr2irzshokppL5ep7WAcsYj3awX2yDP,350000000000
12TUqcUwTuXFJnNUkLiZozASDD1JnoLjrFR9quorr71vujzA,500000000000
14MZuYaDGfL2mDyqwdVUPif4DEKTNaQTjpc5UywneTw1hnMs,110000000000
138xu8ByZSPYbzemxgqKaaFjDkUNJMsu2GyjDZX98rwsizYW,200000000000
16ZpBnpg4Nn4GQPCUor4Psk3UZYHMTYeT1j7fnQiKSKezpzg,100000000000
134J8ZyKhjTycjaPgXM6PvDm6ekYr1KfCwaNmhf3MVnGT5RT,100000000000
16JqQD9Qt464VHFVsJ4V7PfQe2qHLapz3Puv6rVfLugWRdrA,100000000000
16MZowwXT1HUm1PaaGuUtKRpK9qkRYFFTPPXEywFMSSU7m3g,100000000000
15VU5qtYvMWPJj5ttFGckb1fBipHuwNba6hh7rQfGgVkU8dQ,100000000000
16cmwWa8QSyiYrKrZdiApX1xF1Tmpzj9g4DNSEU8FQFMevAR,100000000000
1x6aApmcFi3fi2sRY3J7zK259spbaSeAnvjJ9ZjaufbM6tz,100000000000
14MmsUX56sUz7HHW8mRHiDgpY3CTJqfN7cuPTbBfFJT3dn5L,100000000000
15T8RF7wTVQ8gPsdWz8Z8XgNpnXX1dghVpyCkX4wkydZvBYr,100000000000
12qA7vMbgcfB3PxouKrHZviSd9GPvfnHiMXaubHw1ASuWZPb,100000000000
14mungJG68PKuiRx6SEVNJmKaTqTSLnAJuJBCjxUWRsdLBzP,100000000000
13ER4kfSwwLaaJeC49U4ek5Jjm4eLDL8fQ8KXpivdGx7hTPy,230000000000
16M52vpm7vvE5Hf1xkFrLckzd7tYnfS5j7jfLSkSKTFnyXs6,275000000000
12mh7C5r3JMsRGm1FkK4ZVnEp6PgQ38jPed9zCVgHmL3iugr,50000000000
14Ki7GcM4DHoB8TjpcjK4JkCQ9fXcGnGLeVrGdHhsXUomsw8,179600000000
1KshcyeWi3dAb4agnBHm1BDV2XXD9tgwcn3BPPACGpR9aFr,250000000000
16SgGpwW9dRPLs8opgHJ1a74ojJrtTuReK5cqBz8EVnFjpdZ,100000000000
12TVdTA3Uocjk6A4dbPDdgHb2vvBd9aNP1C89A2LDzPu4qhK,100000000000
152Re2H5s8dx1ZjhVdiF5qHFgB8KLu82SkVY6dGqBtWyPznf,408000000000
12Tc9uo55PhJUEukK7w2r49viD7RBDZp8gMMY25R8anjNSCz,102000000000
12qCmp3uGUBRr1jykpkeXbQZFXJLPNxsMBuUb2f79djCda4b,320000000000
1zu7FJR1mEBYdNKMnaEnVej1wJAXB6JQjDR7CQrmNq2Jpig,250000000000
1E8THcce3rajSVXraSRrcqJMfTkTUftn8kGcVzCDqW6vNJA,9990000000000
1NjbnYPJiF92yHkygvExavqKJdsdHgVqHbHfNpo8tbRviba,101000000000
1551deCS31TB3JXJnVMy9SGJ9ZJPfvMWuh5SuMdq4gh8gwsK,300000000000
15cmwzv9PagDiuRjpCcJDshNpKcq13KEKSsu3biKyk5Yq83B,50000000000
14Xd3KsvT8NxgHRg6CMkxNn4X4GqJYLdwyKV94qGwwQS3GhK,60000000000
15mKRjUTPXknHktWnk1WEgz3x41i9tEgXAxxmTuZNtBD4wAx,200000000000
13BhhYkaxgE2iJFb2JXjdbwHYHA4HmbbMvUVqaueuPA7jpTF,1000000000000
1LcTaM1GvvnahP2qYcdRKvfjGjGndZJxeBCQc9DY181g5uZ,170000000000000
15Zu413gDxaKAsm8AcxcDJm1891tiisWkKnqQxKkc3JyiXUM,100000000000
14VbsCXk9GxcGUeQKM6t6S7Xp4im8Js2Xt5C29fDByrg9enq,100000000000
15QQzodHcL2YgPh5id9c9SwBg9fUebkUPKHxhBNMSFCZVQcS,60000000000
12CGBBLV8ExMeLxDXdXanqjtaNzEzQFantP72XiMVQVsbLCQ,100000000000
1Z9D527rFmsUHpa4M11FGAf1jPN9CtcUENqnhfsyXiEetgu,101000000000
12pfxty99TQV8WUhKh2uTB3BqQGuzjV2cSZhpzJhiNwA3nFv,50000000000
16K2wt1mj9P5k1EadqCkWbeQTgbBpcR95yz2H1GX5rXfRTbh,230000000000
14e2txZmNw3BYsyaVZLeQYy2HRQaCNAnxtK92YGGizRgADoN,90000000000
1HTDb1YJHJ8h2fwPBMabhna8fHiEXZmqrXk7DtbikpecyhR,120000000000
12jPF8pWTnnonK4FczKT38tkPp187U3GVnk41NaWUX8wADJa,101000000000
15qxYYpExSRB27fzsaDQAKFrsuqgtGhzZp61VHxS7yxYzXCQ,180000000000
14ii9V89WUnVZHW7CJ7wSGtMuiFr4B7AeCrEdK3vq2ybW1qB,50000000000
14bQ4efNQConBmkRrn8aLiDVY146C1PjzPQJeEbmmPJJQLFf,1900000000000
167rr8Wi9AMpyA5JQbA1BNNqSuqRZ44DdNByTnDSbd3eZbiF,500000000000
13iZe9MWtibP9mrVH1Q3VqDhe5S1YryuBJ6UsmFqsrzGwvoX,200000000000
135m2hpKsJ6viRsbG5t1Mb4svdJMYcSAdaXidqg1Qr3NwQMD,280000000000
148JfpBd9uJM34QBtmgnmV871jvCVc7JwUxQ65ugXGh37HeQ,330000000000
1k48YEMgHAcBEx1m2MaW1koPNZaaERrUG7ZeWxyWzwErUdj,105000000000
12QQQQ6EuTXS8u7sTLLpVfb4c1Gv2YgrJHfNDSZNSzVU5kZG,100000000000
148CRJWHfXDDZD888qPhBmKmppZTtAfQR83XE1Qkp8arp6ND,100000000000
16htqMxdVxmAutBSNjeYDui75mzgFFruATNzpnq6jD3TNFKd,100000000000
1CV9BKGaqXQ6VJv4smaoefJjktv6xUFDXg51ZtJhLQxSDY7,100000000000
14Y1XasGQxXgtFYoosrnTaQoR6Wb8XVsNrtxHs9BvrbRihSc,100000000000
14dCp7jowBRuSdSGcakyMMoTnbCYRLMNa2aNy8tER8a2LSga,100000000000
13GD8YU99cNkWA7HAfHAsnFkemJgSJZ18cu766orqWK7nU8j,100000000000
1pLLqUW49zvywhwRJtLxunEgV2Pecm3ni4YF7b5AYcEEbaY,100000000000
15Vmm1QxsgLMu1p3MmLq58pnA898k5596GCaeLfSE81rprfd,100000000000
1461ouyteU8YiEJ6U6DwHqsF4aag6y9EtDCrGeyxfMAZCy1u,100000000000
15djTtqL6bAgdYDKnTs4DKc6kqfj942YDheJ1wDw5TEunN3g,100000000000
13QtuZC9Pu8HVppYbghKsPYnhxS1biYa1PFXq2rG6cEVhZap,100000000000
16mK8PEoHZSpf2vbgLm8Uq8LDeDVKbwYxkZQfi3MnEtRmnsH,100000000000
14MXFkbBh7qURvHNCFEnit1BtjkgKadj8JnyczKiMVkDhnjR,100000000000
1uwGEwRES7ojSX4b3AP9xWjNgDYLSM8WSDbdCv39dxPg5eX,100000000000
16DQgeAyoRLENsWZPyk1eeKuL1fn2FZDShyqtsa1HM3JPdxc,100000000000
12Bhz61Gq42aw4fPzHoCbKAXPRMz2joNHniGeS855ga2oeyv,27000000
12mNw5zQ2G7hycFXqndkohVwUgwg4XWFymqqwnPyQrBBexeY,100000000000
14pCEjZpGgFRaNwyDget98rFkKDiMfhUEMENaNt5zJTNwvE4,100000000000
14MSWDBbVHXh2NUDHYEoLDcKDmzqBmy4XTtRNL8pjpnj9eWc,100000000000
12KBRy4p4DEpZYVSijS32vFbHkEf1h4pGYScSSJdQzG1uBjD,100000000000
12H2xrgLWeHA3gPVwuRknCfBjDm4UHeuRBRFxPv1PQeTv11B,280000000000
12WTkZVbndCtrGAtaGD7epWw2tLC59fBb3dRbgTnfKFcz6nu,250000000000
15QTKmPJCNHrYYRzhJN2B8uregLmc7AB4to1okdXq2zb546T,50000000000
16JSEQQwPxmWCQyaJG3kcdMk3gz7ZgvTyCvx2P8jXPqykESC,100000000000
15anE7hrN6GGoA43a24oE1ZcPfrKNmjBz8nm4eADW7rd4QH4,100000000000
15deY9CYAHQA17qHbrcLChXkq371PH1iQeDLZEJmUgQMKh8T,100000000000
14cwQL5SWfcGEF2AuEjWZu5QHNyuicfNGVgvz7qBDJJTPnAY,100000000000
1gc4qnddbK94e7Mmkhz9FC73TY8tRTd8m7LmQzSRsAnwTHw,100000000000
12outhd83ypwQHSrGvkYt35NYxAXSgjeFEvPPNzP7yy1Tr8Q,100000000000
134E46JtjoMBzQBU7T1YQXrpPLZze88eZAMgRPBvNdu4rnHr,100000000000
12umpiBEn8FfyR8kr4YTcKfo8BzTnFwfwBZEBtqUjcRHQH2r,100000000000
1rqF6EwkX3NjMC18xB9ToBtiPQNuFNunGhDKuVdhn1qnydm,100000000000
13sQ2Xjgz2abGugmffFAqQFe1P73rnMBCkv5Ngh8ca6Gxwrw,100000000000
14E14ngyQiRhJ4f7b7M7jJxUhtrUvgkRPuy1RR1hnNit1rE5,100000000000
14foQN7QvgCeF2424YCQrpMniQmXsHHt76YgHhKykBYcuBmk,100000000000
13aeWxN6qdTjooeesRjiszgB8n9hkPu3vBYrt6ntB3cZhVuH,100000000000
16XEmMrXMdBRke8zUEgkPZgeKxieP6PwSVZQMwWu4GFFdG2z,230000000000
13dFiFN6CB7D7Gmx88po7CAEwWinmvexCSKvRYC2WQhTx7d5,100000000000
1bjVpieAJ5Z2BEC9K4RzsdMvmxX9csSefCTKrV4Z6A5kBpC,4020235100000
14GfC8ZztTppWXxgJHTWHQEXWyETVTEzVuGgjzM14BkyJS4G,100000000000
1t1HterDiCF7Sr1bkyf4xxwFppXeZtEYWUDsBx5DkXsy6zb,50000000000
15qiP2fLjpoL15Ndaav81ZCSxnS2M7mUGu9H6gd2yuoErtxm,30000000000
13Gmv474iFHzo8EUcbV5ucPBorhJV5HjfQdkzttxpsL4C9ZY,100000000000
143TELDBRzaVoSrnmTcGCw3gsgvqRDPUqreaBG828phVmdPj,100000000000
1ujjTBzt5oxfAkAva5H4BBvoY4bFnrXDeEJkKD3PcXJzby9,50000000000
12bxmvAxZPpTxi9jvzAYmP6Goiv8crUsWeK1cQcscAseXVRL,240000000000
13mDi6WdZZzonNTG24D7QTqk2ouJrP2CGbfnMNhKhnXqzRXK,180000000000
16kft8TewseQvsybj8McWiGacDVBQHp8zFvVSnPg9ER8G7j2,100000000000
15kPuW4ZCWpZqjvtw8gvV7zTCWAmTXS3tEKN9phxJBAK3CdU,50000000000
12BQXJQKmrcEQYntZaVbgdcPxyANw5m5mFGd4Gg85McHQWNz,6250000000000
11upgz58VUFLsDCVPBANUiRCpCiPQozMhid1gYhUMUtRXXg,50000000000
15wGaWodbx8YUjLNu2q17ZC4N9bk2AYHxvx6qeBgt26XQyS1,63800000000
15QNY1YkTBJWCgW5REwCQoh83KBCmvXvpHFJom7TBr8dTBhT,60000000000
1moztcBk4m6WbMsh3AfbQeQ13JVBmBkstfnPr4tQncMSySw,240000000000
16f8vuEQ3VHVjnoTm7VRDu1E5HxxWRgfZZbR8kBR6eeYJ6v4,64000000000
15XYDoA3mFPB9f2mRS2mdxwdmbaRUigELYSPWqeGU43wPASR,100000000000
1VvKsJoKSyvKXCeXMdmnFCzxtzwPLhycvMaJnM9NYMLNHUX,100000000000
1qLXM15GrjBDXupHtCUffCFUiDGbxK8RH7txe1aocLK6tZG,100000000000
155zeT7VqSHQWcCJhzCx9UmEsmKSmetPnjXP455Fp7eDKvTJ,1500000000000
1FJomozJR4HN71SnRVMzr4nYLTbQpyspWXtc1aC7XgvpCho,70000000000
15iZmhfBPZKwvaSPkZ6Z3p3XrVnBG9fYq7iiaZapbj2rBfws,90000000000
1gewY89kNmcZrNYERpjgwCZwUZd6m4TM2PYAV1FdbayDbsA,50000000000
15FhdWbJJ3FLNEjfH1a1mfBuaAziczKxerB342MpLqC86v7o,1640000000000
14XYwn6WkhiearQhtm6EDpz6n1h9ZNaqdPGHyh2uTN1RV9YZ,100000000000
16XYqiiZpXT3s8CTkGMznCEaNmzYi39sGiB9hDmZjwieRJNk,100000000000
14jJb6TyfuSAu4PRDXXTK1Ahwf55Zmavqc5TRDmPmYhgvZo,1610000000000
14XYjs76GmBhRavt2TcnPZU13RpYvBeHPikPvQWCg9t53qbH,100000000000
14BngqixNHTujW3p6UpsGLgeATbBaJfokjbDeNYTPb231hfd,100000000000
16fdhcuUC1pQeTvTX26ZYkyCaTeP2L46oHyaiwKWGi61KA2d,54700000000
15ansFEmR91XPte3AtwG2gKsb24YJsp72oCDcmykMx3LrtsT,640000000000
14VhvBxm2FC86BU4ez9o13hyYJVw4GrAUEw1dpwi9M6EUAn8,150000000000
12sB6HG1XCEbbaFJ9146R1f1naM98bP8BmHbwb3tJkBvuMQA,270000000000
15MRyJt7ERwH5sJivEyLT25Cb3WW2okrTgbZCFma2vTdF6pn,350000000000
15SHxZicJuE1e2a2GeYtH1L8Re1JZ2UfudpwJq6tTadMcAev,127500000000
14uJLrJM3kuULr1YuzRGoWkSJWEMxLvf4TGWWVgEPR4EGbEo,80000000000
13bJ1JUzqBbg1i4QUChWQWfeGCnhyoQSRrghv9C7N34TtuNM,90000000000
14RWLFQtcKXxQaFaD15RVB2BzHdQh2PLcbgmtGuCAgPSBegi,50000000000
1Zfrj5jy41yATJ8zjDjgxoZgiH2diSAXhqpNzBdPrGooQEX,550000000000
12BVUmTbzgU89FVkNC3pswRR1ivr1DG1gXNSgyJKiP7V48tQ,150000000000
15agy7B5fEYFHR9biyL92RmFngk4LEk19xh3Svk5qaQktDXF,100000000000
12p5xW5aPAG8q1XMpVzYBKQcVfJJi39nxRqTWDMqMPkpXfDd,1000000000000
14GEkBFJTkaNX7xJZJGrTpjjuiU4dPBxbhessbAWi8cCKNoy,100000000000
12EbPDgv1Yy5YJh1oa55YzqMGTP6axmNBpXFMx34DdD5KjFq,50000000000
167xfejZ4F6XcJRYmXbYZWkTW7BsU9QKMBpLa77kKohN9g3q,70000000000
15Pin119zfQJX9RW8GNUQxjAVxH3T5oJhgrNou3WfeVK9xJK,100000000000
14QDsfw3aT56mReodKzoYkCwx1VyUYXRBTFHZBCbkhBBWfN,15810000000000
16FkHovQNgPfEbiLietN92BXipNvb9jbtcmBgoqkG8wFu8hj,1220000000000
12HiPEHTeJ4w4f3vFkqe6t4zHJNDVFpajz8nJ6nXkrmrzEgM,290000000000
1RbYLi5dA6dcTcQXi5uDRaTZJxQ3pL5aUh3ZFX7wRc3kfqc,1000000000000
12zy4xLdv1cHH8Ppturn8i33UZSXr8E31eTejM45hoKiTvnM,495000000000
13Ki15kavTfRhCavnGAjyhU8n7rnEaaSJkuxU7QJzSnQWwuu,50000000000
12C36wqm6vXS6d7Nttfcsid1KV4wC38xgMp7QRRgdQuofCKU,750000000000
12bD6ykZcpGZ7sm7WmJMX95KTx3UKuM1vfGDyuT1cBhkqBaY,50000000000
12YuAYLRJi4cYoy6pmAxjXtErsZGee4C5qxnbTczozy5rwZw,150000000000
13uS1Np2fqDrrVtZR4v6NRLUGFQysJmkSdEgT4mLesxoEoot,185000000000
1553f7CL4jQ32MY6eNVZayfNAEtvnqFRZVxdmurKF2nmTJGL,70000000000
15g8aFeTAcA5FDVkmdF5eiBA5kDowVdGK8W4ZVk1tPUEGKGB,3050000000000
16ifHKyrVmka9BLfZyPhNycgWrHU8Zs2SgwBtQ6FKakfxamG,3720000000000
13YpdGCS15nVtzyGGxGPZ5DMhzhU7pHW6oCdMduRCAAtTePV,200000000000
12ZGzueqyYSX3849AhMwzYCmzMspdrQP24DBLVc9XXLUDnFH,100100000000
129qW1DR8TFqLu1LV1r3GJwSzVhXspuaBTUsJ59viztDJcRe,100100000000
1Gz8GGxNUVJBydkhQxKaj7pBhzs1rb1h7MGuhbRCUfBinRy,1500000000000
1b8KcoTTHTjjZsvecCjdLeSBxzRQHuqLsoQKRKeoaNvt1A1,540000000000
15KRcio8VvFCYHLEJt5n9qPFgj9c34erLQP67LbPsBWiffZG,170000000000
15aoYWxhknL2YCsMZsZwEEfAoMCMmqRLEt1pnaT8JiSETyac,50000000000
1gcT5MTjMzDYemDeAxLNhK9fFLnMRDSzNu3jQnmBhqk9Ddi,100100000000
16JvUYYcup4kmNxfPAe16TMtMmpQdyBYkXqW66yWG3ByPkvc,100100000000
165apkG1EqS91ySBikDdZoAzqHs9hNNKn7BRtiCgLuroBzG7,770000000000
12jgwvobNyfyTuFGrmatGjGZp3PggepYmkQjgbFQkJMbcYZd,70000000000
162Nos71GRGhSFBRactrGmQyyzZgRM6CpmPwcugUtwhpviZd,150000000000
14g1FkPyNjMU7K4SKsLvTj8898rqtbxw7r6VkabADdnZjJVC,50000000000
12ZP9DLEt1S8ZJtdYWwKR7LSyiK33kQzWPzJKyVHMBkee95m,245000000000
14ytd5gJZ9wMqdSUUp74AFkDVnXMyW1q4XkGShtXNf5EthwW,100000000000
1EG6Hpo7sHLFhPURVVV3YMbNuye3WyaZr68g6imVzehG9rk,200000000000
15wyT9LQTiJhxs8HsJwuAT6VGLhsapPa646cveGsVmmTB6hp,50000000000
16aUpZKdXxgJsf1Sx4AbFKKiDP2qKtfeQDD7hE75ShZ43pMa,200000000000
1NA9CuZWvzydXN5iTCRXFPZ1Q6h9G8ZBer3921ZJRAHZaWM,50000000000
14zqRuA5mWnaUnZRo6ummzNcfPQG4e73RNWQCNetyCxLuHox,55000000000
13Xy3g2X39Tf1HM85YJArVE3fad8J6yHosc8ZR4yyEGstp8t,100000000000
1Tvm5rquACv4nTtFWccx3mXwTXnbEcUFyV1cVTLYxbG83d1,270000000000
157pWrhTmtaqrUFwiCKTuHRJkzyGQgrJ3pYg734DGNQ93D2X,50000000000
16PuxEcZptocfJCrB6SwCTUqmmK5w1kaXLgocHyns5dw9jVd,1000000000000
128qRiVjxU3TuT37tg7AX99zwqfPtj2t4nDKUv9Dvi5wzxuF,10000000000000
1xcarm3WPmwBhz1W1NuyXLAQ5jv2h45UEqJNKe4oSMt2ULo,3000000000000
13imKr2zEi4YQcXwGXHHqcAH3TqVCELkG5Cgb17QjaXoFupp,1000000000000
16ffyRJqp1Wfow9dBnkkjsnMukf4CmaYTuexsxN1v1vPdcE2,65000000000
13BgSh7yL7YBCteGPwCszJq4iNFiVBMrQqnBVZXnychRwJEb,100000000000
15MoeCCFrsRLiBwYaGQ4BZdGpVEwZsXhVc6vTQwMGafovvVY,185000000000
155bZoL5pLsGR1QqnGnRuPzaZjbvryneiuKudbdtvetMSKYU,100000000000
15dEyJHipmBshgR4J4GSWBUKLeinyqp4FRdFPywkXzVG1ha5,87900000000
14E4Tp8vuh93QNm5N6NtVcYAMQxkWJowpx1V16dYTSbHqN8U,200000000000
1q6ARjCe47jBhHCUSE4wAvpeovR4tuUM5i3QXVvrJc1qMsG,330000000000
13djk81VoEkwJaPRVap4R29Sw1ruNJPm6hkhgB1fv6faQ43,60000000000
12ecWXcCDbopomz4RQxYcN62pJzVrmKub6nPJauH3tV83utT,30000000
15zhdJWzg4cBfmXA1WG3rsnZZCEeDGQrP4N1j2WBawHvpgLK,100000000000
14pUwV7eyvfXFF6FMR5kwi9RPC9C2JLZ4dKfrG24FqiMAGNb,320000000000
15g4x7bnkRzYeoxbDz3CHJWhy1GkE3BDszjSY49571FppsTu,50000000000
16G3AfiDdP8XRNWT8yQA1mTFibkSy83ngnh63Ry4QiPvCBbs,300000000000
15PvG7LgXaxpzuNsjgzXg5AUpFhbucVed8HXoE66yYJ1BNfj,50000000000
15r2DhDm5zMTdrnGQFEKPfoJ1jXHosRAGArJ6uU5qUHHs5mu,100000000000
1Z5mosTF6kWA9NKJL8EZVRsDPx9kK8acsUq2GHVTJBLZ97s,50000000000
16UPpCk2JmzKJrmin5muouet6BT76HzQ5upQcqi6PdPJAx5L,90000000000
128ywASgmpgGk35fvxSPGRnN7FrcpX8iBTYo5ucAfnuiYdnZ,200000000000
14uctk2HTnCFD3ESFoV14E43YWieo1BdoKxn5cLHoaN3cZH8,1000000000000
13dzhfHcKkpQveyVpF6zxbzgS4XsxLCvqrbxQm2Ab4VxXfDR,100000000000
129PsopmFwVFN1gZjku4d3zh99UFGngeWZhhGfLVn5i78W4t,50000000000
12gZ5qSbckZgMpFfDNGDZqBqgXLruThRGjJiQivzEpsjnErB,100000000000
13imSCXkaPy6vTzvnaS7SAZaA958QGedoXUKcpd4z9eXkVme,150000000000
15XcSxTA4ocUfzNumBYmh5bEEcofqrMrSWD73z8idoFjL7Cp,50000000000
1vE9CAqC1Gm3QwBUjAUcJ7LhDt1gj17MKD577bQw2TAqSiw,100000000000
1mrdskSTF8djvCfMni6tnAAXgd6A5gf7Q46RvZ5w7NHfFU6,50000000000
155u7fYTQysyUtvDv84NFsnKxKS89a8LyiHxBqq2yiU3HiZr,50000000000
1N4dUbxHWqdX4jSTdfFh3wW3u61vZhzWX9ZoVvnx3NHbxYK,50000000000
14Dq4QNrCVABTKeLwymUoQb7WDzeyGPVStassx8mcNeJhjty,3160000000000
1gUyskmFGCt6EGj5eG46ipA6oY9K8YtW3FpBDKo68YHwD27,98561000000
16XFCak3JYEQqXLRPe8F97gTjtq8C5n7sHhquUNef3qwn5qo,50000000000
12bFmDvu5da4u39XExz5asBnmf3B7RYcTFspwgchHXTBoVkd,200000000000
13kyrsnmJtABwroqYY36Pz2JVMsPrqJAzwSApV4dDy8UxMmn,100000000000
13TT562L5eC4Nin9TQ7RyXqhW6wAaeBcimCuf1LmgTv4xf91,160000000000
1xnZDD9tXEP787VeSpy9FgyCuPsoYT89q9ZQ86yEvFSkHZL,70000000000
13eGKiWK7zAxpkWXCxKhbBmCH5a5VPes8XqEtbkzLizJxaD2,100000000000
142jxuLX4RnrXtuGB7xxTTzw41mk36m65jgysma4iUnR5HCM,400000000000
14YnKnozvy4d35EHkKQjxR9PQts99Lai2vfVWALPf23Vxu4Y,50000000000
12so8ye4ssk2egHjtJ5CGpB8ce6eB2DqQtYmnWXeuW8TPdkG,50000000000
13EFtmTZN5qz4eap5mA5fsnvtwot66yFfgFprGqsW6nMWxSj,950000000000
14SbtU2q5cgYs83g4ybWmRYatUdADA1us5gYpxPcQK2dzZA2,60000000000
12pyyF4nEBnov2bHoEyQU6A16fvbRNNonMQ3H1GMLgB8juv6,51000000000
16SyNkNzgRzspWquZKnmWVBfAbPS5usKufihjjVpgJXkN2VH,4000000000000
16A8iEx9guRCrHuoLGhE4p3gZ1rNAunzzw6raDVTb2u2zRqF,60000000000
15Xu43tLXdQWJEwPRmk1f1sUD2W3AFNG8cN8KdG5RSFJhV4f,720000000000
12RY9JkZa2iuZc8jfmniEYh1fsa1XkStg3tX98iSdnVYtaH1,500000000000
14FxhStzaJhHfsmxFVh2uvpi2k513CA7FsmmKE5gCokDWH4x,500000000000
1eHgkUBP2FdtCLJwYZUazbWVtWZxK655Mq1PaarkhozK8iv,200000000000
12xFfp1NVPSsqrLwJfsH5s2XrwZkjap7tJpSbKGNkL4WQ12S,410000000000
16Jqa4MBtMorRRuRagvsTXGofoBxSCEra6HZ5v45zZetHths,100000000000
14rjPBzYwNnb3dfVjCH8L6MR3djRwXEuuomDLeRKzXxyG9ZD,410000000000
13gPE8Wr5sm7a8D3s6kA655HMXJmraaiVaExNNuDxJWtTW8b,100000000000
1bzBuFah2BS1w8xHTUTy5tTefemgRnu72v4wvZ6fQtNTbH8,80000000000
14W8428aPtA2eNb4zXC5jFwLaXNhbUZ8L7mRZPnojCc8hAmU,50000000000
15rKKq7wkSosXhzUUPei5be9WZjxnHaJjXFLAnUKHCXCWtyk,200000000000
13QdySasCyULDZzH5Fs8dQnnEF54x1kbdcj9NSJHvzzdLGXC,200000000000
14s5SuzEnZBJKDRsAdYDi5e4U8je8SFeze53GXV2p1H7g8Zg,200000000000
12YcWxBMmk7S7fVUxZC3DiuL4B1AixgMFwzLXq89G3YBpYBj,50000000000
16dTv6wWio5DXh9iveJH9jAveCqBj1dxsuHAALpCSVHtkXGP,100000000000
1989muohjzUvh76rRz53131kNJrTaWKaubs9L2pWDh7rgmL,1000000000000
15cjGQn9JvVF3rVKMCQKfQSutB9D31NYSYd1sCkAuiw5SfXR,200000000000
12sDgJswgDjmXwa4kyswoKy9MV1mGVcGPDAFxJWX37x1q6uk,255000000000
15yXtcEh4G5XQVbXLSCLWJeBAhSMj2c5nBpuTggAEzEVP6zW,90000000000
158Vsik5TwC4Mm2k2a9pH5poczHF2B4wWL8AxPUdN4rteZum,98800000000
16G2Tc3FPpMEMmJGbphvdYUU34mxQdUC8FZzb3a9Ro6srxgN,50000000000
1ENmNAYbLQpfDKGq3FgmdaDureiH8tjFVquy22WWg14cMdd,100000000000
1244481K9GzQfFukJ7eSsAVAhNgqRM3Se1gJL4Wom6ycbWK2,250000000000
15Xx6c9AVBELF65rFEZCs4wWtdZW6zbYPhrjbtLvZQaZMmK6,50000000000
1xFwHnFb3bNikcMinfKDZevvAWWpakB7Gccho3MPKZMJdN3,70000000000
15ctdcKuhWS4UmkMAFrUvv4Eto52V38g8E2DSzYK8tRVfmbs,87500000000
1jC6qUCHQ8U4CnQ1jArxv2Cj1zbjzxdVrKDXFcUVhxuwokt,750000000000
12rtCAa3wVF5LrpdJpg7f5DoFbnAiynikZxxM9BygS2gVxVr,100000000000
15zYpGBCg1jiR6cygoz5aUvzPoNj7LEQ8CkuR4qBdSDubLyF,140000000000
12mtYv941tpcF7Zuu2n8rvXzdcsYFEijaMR63UMWDLu3Mn44,190000000000
14GjuEihx1PEdVQwfsjPGiS1muwAJHAoLWcQJK7bwQvDMMeD,500000000000
13N3WkqibvthBGrVnUaY1t1TmFAbMV4NiXJCakLiLYhGR7Rg,140000000000
16QMsSx2fxEnfgVAaZsPqaH61Fu6HSBEEAnmDsS1okGfNPAW,100000000000
1c4i3aMP6oUrn3wtPsbDSGqweKMcrp8cZpHLt7jUabJbuZ9,50000000000
1ER6SjQCVVPYjEYJuPiSG1KHKGPbWtMNarRv8vVPq6xKUQh,2000000000000
14m8AcZqFva9xVe6npvLUfSfxCaxWXbrMsTqCXCFrJzMxurz,480000000000
1h1k8spoT9Xsgr5jQKt55EmA2k1BVZe24A9cgozsd5eP2wf,200000000000
15x3N2ccLFEv4QYEvgLhTXzMREwvAfrF1LW7C542JFfGRjMi,105000000000
16aNdMdQnYLNW3CTNbHDNBhC3q9H2UT6PP6wrAWgepCXFcZb,1110000000000
12Cp9LZAn3fNn3xw7FBWDGV3HXuBaZYbzxvhoFeHpUfPeUd2,100000000000
12RDT1DiJx9s9MBRZ727HZynHWc5L6Yv5Z7hkPSps5Z6BQw2,100000000000
15gBDrrQc64f3bTJsC6octvAMQABDK9xrkrpP3JicJW8hJNj,400000000000
12wzh5HkYWXq2cDW4xcRodkyQU3kNZPX4bgTKWJCW5xqpDtF,100000000000
15cZMLFVYQZqPntnhNE13VWipjXZ5hiETH5kTEYQ8vyScQJh,90000000000
14d9VoH6FrohKPL4YDNgt9FBDZL8yZk2vmbfXLddYvFpGgQ7,500000000000
15mLdxnT4dkjC6LkcgPTarVdLtQz8cScVNeqm2XMaWn83jQq,50000000000
13GSygn6bc1bv6QDcwVxmevSBMW8MNe7sZxq5PCF2gkYprQb,60000000000
123vVmzdQoq8yjmSqW3A5udKftG7MibxvC3QHi78gck1rhXc,80000000000
16KxyxS4TYBPc2hvsdAE7soE16ndRGpfwZ1vcJBg7dESrkXD,100000000000
12VdxVnHozBwAq8RWxGcboxnGrG7BP3W4EAbPMrVnZcDnaii,1000000000000
12nG847ayWqVuJu1uejo1zXnNamM9BhVF6NnvHienpZBxKL5,100000000000
164yzq1vCziacazGYgno3AKLxp9hnXgB24DzVcugLZ9V9RXa,50000000000
13YNP9Sc52eC5M8yzzs6djAVXUKVaUQSdQygUGh9DrVU6c6y,3390000000000
145hggYhA79GUEq29EacnZntQg9HwoZwHF3bYn8XHQRCrYUs,50000000000
14moo2EXSKiB3p9ghbwfN5h2Gorjqki5mmLz4PdSvBN769R1,200000000000
146XF1MaMbpZFx1rUiLUtxRMz9fiTQARSDGhbentFSv9D2nd,100000000000
16dRPJtUkM5SaJYPL5f1FpbMYRdG5YEiVu4DrL6z5nBYjRC4,700000000000
14Xqkprzmy8Jzsav36qVbGWnM7bgUamaU8MYNxM4JEjxvQne,250000000000
155SwPBDUDSMMPPmSD3Kdw267AfwujByzbQaYB9tA1dv1GY6,250000000000
15AHb64L72u5mWYpJuXs2R8C74NEuug1XjuNy5foWGr5qfEf,60000000000
13wn24aozrQkzWpf3Mofk8EzNvtTdbgYpiWzEfVkJomFFYt2,350000000000
15tShoWjSzh45PZW3irHALbVnhtYzaB7sjhtXtrxFaAdzxj2,100000000000
13eAmDzbKyTnpkRHpUKHQ8kTqtZczwnVovXs7xu5rjodnS3N,200000000000
16824B1CxBn29Gd7FdsFz9xHTiHxVCsbCBWGFuCaVovo8yJt,3130000000000
13axygSDaAQKwp9S384pSBPPnfDzHncYQouwQKtxWxij1TtM,100000000000
13WWWKCWmTn4WtQ25aY7z9kH7DpE8joi36LNuZuHDrvZSVrQ,50000000000
16m3ZcuWBLd7553pGWdaGB9n72WtiACuZxxYZVCaACNstuXk,100000000000
14T566fdyewDSewGwHX9t4wWW6e7WQ4gLvqbj2HSQTw5dhiz,50000000000
13mWNCbMe4ADSzxxW2XeHVdC72p5Zd4dcwFrPSUoQxzTN3Vh,120000000000
16aSY9nu7ZtxLv6NajLmQKuHGCpS4h89Ew5KHFz6TuDLRApn,50000000000
1yEB76CnNDaVoF6zqrstBM8KyfTMWJs9wqeiaboJVqZLHbK,68900000000
12TdaXmQGmDEfcrhAPa2KFsqk5YpGESFpUNt2HusApWZZBWA,110000000000
13WAJqLnT4q3AA6g3L6M4UiD6eyuroR5M6T4g5EJdaHncVAp,50000000000
16LzWz6PB2Wk6TzYv1Lrf8wVuPt7uAc7zx3mYHRbq91yEL4s,2490000000000
1683yPiicnNYxvhTwb9V4bnrkoW52nAut4ixt1n4NcXXsKgB,200000000000
1xJD1nJCcBvEbLox5V3e92kV77hLbFRFe2ZZjTShu9K5iFM,130000000000
15hyvYUqsXuhucdVf6fQvyQiJfNHPoUrSGxaPhQ1fZs8XSRf,100000000000
14inSa97ifowuDFiwMZTaNWUh7DNutQrGfkhn9584gsimwcB,500000000000
12rvmE4gjTudT5RiGCHqYqyWn1hZDEpqyqzV7XfkpAJ8dT2z,800000000000
13KjB3Th8pLtB8ns5RA6DktYD72m3K1wVSzduaazfR6JzJWo,110000000000
13xg7edPtbK1tbkMqZB9TgbhG2q7uvcFSsbJJCRz9a9XXkFY,100000000000
13MSE9Emr5dhvVyjhqqbzNxF5oL5Y6HCesVVu7nNRhknAJZo,100000000000
15oB62PEzszvTgQjPQ8BJUDtf2RhkcPyCrV9w2dyKriQuWQ8,60000000000
164vtR1fVDP8da2Kpy3QWWf4J5BcaiiFULphK7ZPWTHaPwJt,110000000000
12BzJQQd7kSUTQDJcb7cKL58SC4baiH6B5LsuvEoTHXXrZBo,100000000000
15QXPiCGE7hAFrSUeNasQ9ygKKushdN1YQrNAWhLQzxaSEtb,110000000000
15f7x1bMvh4LdxkXZL24u6Ms3wz5TTjiGcjfCbSnSjJUKtp4,110000000000
14QDpy1p7CQQhfJTXhoowB98cXGcqsU1Q4DrL1w8AK3ehrAu,50000000000
16abncGNB9gYYJuWnu89M1DQSH6rvZGGNzVhCtZBZWwVZq3E,400000000000
14E1dw18mewidpV7cbn4ApSYwZhhp5Naywqz4GqTcrkHfVzG,1250000000000
1USVTakvzWFgUBn2Z9BrJKf8X1p7vJsfB5CWyBk4jCE6m2Q,300000000000
15r6KMKToEvcXvRpmR4E35cELoR7A6Fc5xLKG29LiSNBYViB,131100000000
123XsmddVpyneVKiH8TfyfMkjkGPCqPKzv9dPt8MD1s8PfjC,950000000000
14aKw5Qdroug8XNZEsbAJvMNV7C8TsCLNAWdrBiHfKpfxpJL,250000000000
15tWzHtgsJC2d8hei6fiM7tRMsc3rNjeZmU9mEKJwiGfaegx,7870000000000
12F4rk581xQYaHFJvj2mDVe3YBSLCRsk4e6yjtvbd8Y2ymff,100000000000
145tvmrhwoehm5vnVxraLXhX5ccCKb7pnTMNV6G2avZ1o1cL,500000000000
152bUTBT1nwS2niWPHzVKpP3kEsR4n9AQxCAB8rDbCRHPvpT,90000000000
12HDbp4egwBL4xNqGmbczqBykGdowUSNX9xJD6gWuMwLjCC2,480000000000
14mZiZXqTnK6vy38YgU2DZjitrj11yv6GJq1AavtonvHCeMk,4828000000000
15Umb2JL3XvoqHcjKkHTPRK4efiUVY3izdKpoyo8ScKm2aVX,4860000000000
15DU8XbMcV84vS562FbbXpxzAveqJGapDvhzL52e8TPVuSsg,68000000000
14ctuyLSRU9UEJf95oBLEzDSgvynwNjosDZ4H7cT8y9jYqXm,500000000000
13BhQmywN77wZu6jtcfQP3YyGCrgSGNoYdKd8CeCtNhzUuqu,220000000000
13io1Uj732yXbSpYuHXrC2uKdNL1KWc9CcWCbMGoSTJDXGYL,200000000000
136HJLthqKcBaRLR1sS25Vdj8UpbHVCDum1h9SFJBuZSprHK,240371000000
14H56NXz4EuJdqwYXzxALg8xTs4Mo23Nvty3PsmshUJU4ocC,1540000000000
1394ak37CvyxP1giC46CrMngit8gbkLiKY8fxaxTj22e3kGv,1000000000000
1cPxMPojtUo3wtcaLcvkvQr6PCjcNXjiBCjyGg7wdyyPyLM,90000000000
13Mxfhny1XQ4qUqMYDWNZzD7L9enjrC3pu2gEUtiYjiuAuRh,50000000000
15kheJJS7CF3M2CDoNBXwmgrAJthGLnsXCMbowVofJgBMtKG,1594800000000
14fbmWStvGZqwMQN1NzYCrZAPnasE62Z6pR1xqmkNg4rEJwt,300000000000
13rDLKquA1kfZV2ukLHFPu9VLp3hRYQ9jet3p9Hdmx2kesWF,600000000000
15oasqroSYgpb6CSzW3AduC4C1mwyFgnfaSxiPEfP5pnunWh,130000000000
13jGbkxXCH5bbQxfRE2jJS3onG1zJC8Kbd9F1CXz6QE7VDcf,510000000000
139KDQDuzU2JkRNzKDomHBCzPkKRJWL11RsFpUVtqowkFNg1,70000000000
1RncUpuMD15C2kEPJntVNwiUYSWbqfGoa9gGve2TxBMqqki,1300000000000
16ete3VqJwFS2hbyv6HMcjWXaRf5MJG3zuMjPMhTrqJataa1,50000000000
16FuZWh2jU6XkmeVdmUE3e9jn7irag5HF6Cne636E4PETJaJ,1500000000000
12nTLsZ8AkPzMN1xMg9yWuTUNAxyeYkTgnwYN2Wf3aUSRgko,50000000000
12TPeKKkUAk9aJ5X6WBJZkonN425ZaUy9SgtFtj8JqfMpcSs,280000000000
13Qq9pnAYKQQ1wJnoyLV1sJmMeBhdgfv9oHDCddENfGgsSiX,320000000000
14Vrgg6YFDfNeerNbYDhBZi6owwNboT4vmFnAKBwRs7FCaqU,50000000000
12TKNb5JJzrZzMntjLaDtnE8hUbYt3wCT1m6CUf8DjFzu41Y,300000000000
15BTdXTmv9UuG95xJwjfM8DpoD49wHBV7M4MbVZvFaaScXXp,1000000000000
12at6f7EhQM7Gqpty8YdgfYsvkAi8e7Bfr24ja5yBzACFdq7,2000000000000
11T7S33DPuntwgia8CKWWJxfSobuQvSA3f2Lu9UqAhsRaQN,250000000000
15PVyseBEka4bj8Ue9YnUjHuoW6Bjt3hEnBQzp8dqXKdYUSK,50000000000
11288uX9o5BL8WxGryajLB9A5TGqqDUh4Y2EdZZHk3hgiLU6,250000000000
1UKBAwM3BqodzTTH6ofpNXPUWTXvHEtd9gFtwQGzvtf68QY,485000000000
12c3rzuDnVN9ZtL7A1r4FX513H9E7cByYtr3hWS1UCe4kYS1,350000000000
13GDcQVU1yzKzYur9kFDFe1yhMqMcaxGqFoaxndd9R41WCYJ,50000000000
1hdMV3tzYqcukMQ6LZwm6p2X6FDMqoCYCAsEA75v8fBhUV1,200000000000
13kzJHRdaw4YJx1D62ZJgqECKy8XB9uGsVPH2XLi4r2Y5UbA,300000000000
15gJZFJb7Gm8hPFR12Q7djCKX5rPv8SmJP61zdkc2S1o4n8g,52000000000
14JYvaxX9NYfZMxGmWFp9F4koocQYjbFQRx17tTxin414Txp,50000000000
15M9XwGm95fGaNThutwNq1iUBD73TfXChGoF3p7enFKXCW7Q,100000000000
15tvGwhjQQidoMnoTHFVEu1AtYLbgm9ExQAXkExHcnRQz1pg,400000000000
14M7Wajgrg7cGQMM19JwWyht8Jf3Rp4FgHX8Cqd8xT3uXELU,225000000000
14DXwBxhFXEDFEzrEo2xZjpk5HgPrHpJrP97E14GmYCdFUqM,52000000000
1v8bNKsAE6AHRyMCkkUx7pr84E1DGaXF3h1biBXfET791a6,50000000000
1NiUpkwUDQd3Brb3SharWseoVUY7T6pgioZfX7CoEt3hmTA,980000000000
15GnQKiJrLiWmE2JZSyXz4ZyoWT1kBrtFQT8gizrU7wd7hyQ,83600000000
13zg89suxaFA9aBMxz1qkBQNDfkdfFYetkhVauu6EsaLvfjr,1000000000000
15BDYH8ybjKM51xWajwSMrKk8cKwn7zSFyMs65F63rajJkfa,89000000000
13KP8eaDajBWV9XZhwUBaTgaZ2Ficiw2AC29m98RLB9PtVLn,220000000000
14K1SbFuvmU7ciY5zuE3J5qVwZHdD1kPTPNAMh84zgECkBs9,100000000000
14NGBLmbXKMXwRVXHifLLuzVr8N5xKnsSaPd7MEoRsziZxup,250000000000
1enBgLNCzuk7tT7MafhwYLAvDsvpRwNKjJGndETsG53EyAG,300000000000
1NfHnt1LQwERu9V6eWYqWyiusBA8Qhm8PH7B7Y1hiBaVEw9,50000000000
1LQjqTXUA8KKdx9Z9r4e9V2sTg3kzeHimZowp9vkWhUUzzi,150000000000
1H2ccK21PzdMhYbb7zkY92HW9iUvU8JGqzWdYaU7V6iFCZG,100000000000
15rsFXkFZ4TZNi85poECcMpNy4kz2yK2oZpNTBJNT8zCAoLL,200000000000
16FLiBHL8Fnse9ALyKMkUGZ3bawitGTPsAntzfAv6r8GhyMt,300000000000
121XcYq2oWiEgJbUc2w9YDX4soBaSBypyX4V71xpPgQjFFAE,350000000000
1TXDwUpww44gRmjrbypPLJzQ71FdsrADYWUjYspnocJHXEa,3577000000000
156HsmMPoUAhvvUhd7ukKyyLKsLJxSmJAUoYiCD1j2KTZDVx,490000000000
15MSEoeYiyUHLj5gRJV2LYNZqxKFMcv1X6yDDC9kemEbp4AV,50000000000
135oEApf415j9u1h1qPnDFcEH4KjAWBtuC7vpXNMxJNBBH3g,60000000000
15ojpcpWSy1GVWvN6AAAULtzSasTkGL62Yi2V46BPZ3ShuQF,500000000000
14VbTpVbDewuoXESkeVrVdANK8ojLnVfCJNpRZEM2rnPrvV7,200000000000
14fv5iVnMphvUxdWtpaXDgZBWDWArxUZ2P2uCp16Hvg1qxEz,60000000000
162ba5T6fo7Y4YvQBSPYJjKAh68VpMAEmWB7goUTkRdCD56u,95600000000
16PuV4WGVgDDGawvbqaHSoLB2ZQt81XwawxwkUMSz36MimTR,58000000000
1s4Fxd9z2u85gYvhXcuoha6xPsj9fRqErXMtj1bLQVEus13,50000000000
14Y9RkTypzaunW8EEEmAu3QZqbo2DzzhnY3TC75r5sTBf8AP,50000000000
1gcnuUzBviGpLHKjVPo1iqg8kz2Vfk8FfwJZoTQC1jSM1XQ,51000000000
13KM3yiBt1LgvS3LV79oUp6XPnkNvxJGCEyCDpK5apiHw26v,70000000000
1269C8fJX42piREMuZREGLVu3q62QYdqYKr2rjNPrtNXp9SY,500000000000
15JzPPtmsMoBeAoykmVZrcPb2Wu4yhqXFcE1N2WjBikEGdw2,50000000000
13p71G31iyTGveYHd4agZVCYRdCfB3i7GF8DQ2N3T87FvB7K,100000000000
13Ve67FPFsMDTmjyLfKg1u73xHRb1TPv6SA9UBWuzBxmNBiV,150000000000
12VnLHdyXZZxS1pSm1i56rtvY4nBwxHNyZ6fQycWbMq78PBj,50000000000
16kvq9SsQbnkgYhF6F3463cD4gE1cjdVwmpYMagL993Hxsc7,70000000000
12TbCKHNh88ELsWraBCveusmCSUh4kKfSRFjQiTnkZ4JpVyd,200000000000
14Mh2XthFmuaXEodqB7T534gFKAqpX3k2B1hPWJ8JbdZYBBp,50000000000
13GxtAvuTAzEY62AU9BuweuR6h8CYpoKTDgUJH6cnV63QsUq,100000000000
15wDq46PomrZFFWEJNJm261eaMWkvGhzNN5QHWc9RuTnttiF,630000000000
1552sUVpfzZgymEb8zG198rqUvRAdDqHR1SbU8d6E7CG9arf,880000000000
121zHahnKG5GnFJsDCFUBDvms4sWNnWsxp1pL1qyCmFC3sCo,88800000000
143drdTLBudXe4CKaVYJvzgAKTkMAGKFQvs3NcdKaePpbnAV,50000000000
13GNYH3zZrBXj9iwpMTfDAjAnwqmJk4WANAARUuQ7Ywn9jLs,50000000000
14Q6HdL6GU3rJ8oV2RyQkZqj2WWk6F4QM1r8fb5EydVcJMSH,500000000000
1etVBRHddmMQeMLo93iC5eZJGxHZWVXsAgPaPwUrUpWZndL,50000000000
1F4xA2H2L1nVEUgz2zUxRL3vrc4FYitta9G9xiqzy5xwxCB,20000000000
13Q5SjEspeyTjEJerBG9n4S8wPE2CNQBNSWshgRQ1j7hCavv,157000000000
12NuCHhBQgtpZD1BchpftEvrc8D8i4jk8xpkTrU9zDKEPqMe,100000000000
15DKR7D5q3xGfbfkRmpHP1XeRftsQy5VMPNb8tfzo5njhrnB,150000000000
14VP3yuFvyUqKVAQxUJYKyoXmfkJZzHouCn9pGcW1dV1rNJY,1040000000000
1633fsnmg2wo4ABsjLgQT5NXkTwD4niEUKY5QhBdGt5yY4Xu,180000000000
1YYkqLvtXLonyzisT3FVGJnBpF5jPJ1i7AjtFyuHeC2RZBT,50000000000
14uHXmuZenFzMvq9vt7K4PWCQYgRr83F5NjYPiAmLEfBu2Rp,100000000000
17TLXc4YrvC4U65B73dgZEo7fnUudWKiNz8WmHARNBwzqjL,2000000000000
13GKBBAfUkF4b92SGwkytVbFqvM8KsHTYaUyz4bQemHJz4h3,100000000000
14zxBSUD6U7NUjWgCrndgEwjSunVpEAgQD184Z386osfzYPh,50000000000
15Smfhgp9AQFQX2RVvQrfiFZoj8uH6pfW5EZ1fAY3rFvSBii,214955000000
16315fBLvVgJwZLcpHZPZ5uXRomQvXa9KgCCpjkN7jK3ZDss,50000000000
16f8UjQ3xjcd1KdBMwYd1YGXpQYxFyzgbJ2f1BhTRaUNZuTj,250000000000
1Waz4fDpuwggFPVMwD98v43HXuktJ5Yt1gWqrG3dSrxmnBJ,51000000000
12Gat2DBJoUbpVGCx4nEQaY87z4TeV5JamEAEWF9eHD6Usbz,60000000000
14bT61eR2EMJV63KEGWKVtuPw1pBkToi7e3GmCMw6BtEQTgx,100000000000
14ispKSacSVN3UaqqaR6zLVvjrQsCcn44ZFdcJMxe9pQVAVu,200000000000
16Zy25TEAxPCpdSkG4ie6mDJX7mcQawufjEbEegmAjxkAn6T,820000000000
13QGbM6yxZUmqUPdQspU5WTmvKizDMAzEEJJjzRMhygHJDwM,200000000000
15MtqKRqa5YtJGdJiM6LTCZy2U5KCoF1uoQKSyn5bAvM88eU,410000000000
15w2QtLq9Qzrq8ySjDnVcdqyh1gnB1g63vSnGxwDASNwwBRj,500000000000
13131mYhmVwN2qUsN8qGCPX1BdWD9ebkDNHKyskMp1nAMmD6,500000000000
1NSszjrNuxBEifq4w6DGDx5CgEYKRnFrpKUY9UE1FG2zYRJ,50000000000
152uGnncfSreAszheXku44b4Lv1pqXAGFZAJHaK7omUJ9sGn,80000000000
12gfVSqM5ak2KbhyjZHyydqg6RLKEHH3eivQ2idSQaz7Ghu2,400000000000
1bTcomy8t7RwoP7rLsBHy83pgrvoJ7EVvAgCW38uFY9JfJD,50100000000
14oabndjEFPVzTUMwHiMrQkRowJJxJa8fcrMNq3pRNhptXNM,100000000000
12YRDLc2vLb7z2biQnmr2AxeUcchWK8A6Tmp4jCBJkkBbrYi,1370000000000
14bHV326DpFfnz7NjZ3YZZgub5hWgiaq1CYFuo8nFeBVQ9eg,50000000000
15kjzVf5n2CHazxnmVGgjaCdkzJDb18Tru5EkaYyQ5wHcab6,100000000000
15XFRFdwxjzt98LAYw8Zc1yifGH1Q63rh8Jsmd3EfihDdEhE,100000000000
1xjXP6EhL66MbXL4X1KTJppMqGpCqw4bR7jqv9pd1MZ5i86,50000000000
16SxTHk7u49y1Vs7EqU8tWJumuntA1iWjwhfJ3WVfHoJELLe,750000000000
14KPUajNB5jjUimnHwcYeiiw4n9EbMvZD5wrH814RXVkMeYf,500000000000
168AohSeEo2Jeik93bMmYPcoUYf341DTHDh8kw2tMaHmmCw6,50000000000
12zqi2fRdyquikyoccyQ3jkvMjaiXGTJd3ba5ZyKXPVWrXPv,50000000000
12TbM5yQKGkx3rMQEmbt9cWhKbhZwT2EgAiFXsavEvBdJepX,100000000000
14Q9CyraHW4ozSG5bHDgqTDhXY5BjcW9dYSyUg6xDYqUpbVL,50000000000
13b946BYsRsYQCgGrmp5Ja3YwyCWrnHoPu9j5rXCf4Z6biKf,105000000000
1WoKgwy4Fz4nyD7rh2Hgc6QCmAZYnEuDbvrs6E3JUa3txQr,98800000000
13VUTsyu2DDbAzWgAEeeFUG8z9AubvDmBKKdQfvR1bq98pnv,400000000000
15PTn76HrpiKJeoUVXoRxeWJexXruKgGhh2JdenBL2iF8VhR,300000000000
12MjAUNuG4kbZYPfDGAKWx2yheUhzxSZhW7zNhcnsGZ76Cy5,90000000000
13WQ8Ja55stYwXjadqJZPzEvSUcRQ1CaBSce9fLQkKPzXvj7,50000000000
16cenCz867KqhepQm8wRB9fTM5VpfoDXzg4EiWkfibei3HAi,100000000000
13Q9E2MCUhVZX6pF1cNmRW4GiMhhAi87BnPR4MFC9BoNou33,50000000000
162ig2nemkoJEi9CDcNJvxYn9PMzCvzCrtmk4JMGYRRcwNvs,129500000000
13whTRPW8XswKAs4fEqEYLMSM2D3xmquKWyAAxuQu6C4YM2H,100000000000
13Q52dk2S2G1Pzs5qiPGhpAhtpLDks1fRKZAwvv9ttzt5aYk,3850000000000
13BZPGHhhBZZfc5aa2yrgLUH4c3Se7ywT31AiEKSzoM1p2nK,200000000000
16A8yehLkJCMZRec7SdKwkwQhUzd8Kej4NckzDNe8PnDfK4j,50000000000
14DqL1MDALoKvDaYNH1cG6h8f6RvZSHDnMWnc5qrbTdujcsP,100000000000
12eS2PMugsxQV8L1iqAD6F9VMSd2PJyc5JQgCe7UppHugzXb,480000000000
15MnUWezrZJZMCE4HzzR2WKwyETsbFxaHuiTUfye7sxfacau,100000000000
15g6sVExPkmWxxb6tf1z7VoZtcYpTNowjmsybkZAtrC8D67Q,250000000000
15KFNQfovBvmjtjac5Kv9ghyJv2c8BBVxDSgGhUxRMTJnN81,1500000000000
